,id,TP,FP,FN,Prec,Rec,F1
0,angin_topan_0002,1,0,0,1.0,1.0,1.0
1,angin_topan_0003,0,3,1,0.0,0.0,0.0
2,angin_topan_0006,1,1,0,0.5,1.0,0.6666666666666666
3,angin_topan_0007,1,1,0,0.5,1.0,0.6666666666666666
4,angin_topan_0008,0,2,1,0.0,0.0,0.0
5,angin_topan_0019,2,2,0,0.5,1.0,0.6666666666666666
6,angin_topan_0020,1,1,0,0.5,1.0,0.6666666666666666
7,angin_topan_0021,0,1,1,0.0,0.0,0.0
8,angin_topan_0027,1,0,0,1.0,1.0,1.0
9,angin_topan_0028,2,4,0,0.3333333333333333,1.0,0.5
10,angin_topan_0032,0,4,1,0.0,0.0,0.0
11,angin_topan_0046,0,3,1,0.0,0.0,0.0
12,angin_topan_0047,1,2,0,0.3333333333333333,1.0,0.5
13,angin_topan_0048,2,3,0,0.4,1.0,0.5714285714285714
14,angin_topan_0049,1,0,0,1.0,1.0,1.0
15,angin_topan_0055,2,4,2,0.3333333333333333,0.5,0.4
16,angin_topan_0065,1,1,0,0.5,1.0,0.6666666666666666
17,angin_topan_0070,2,5,0,0.2857142857142857,1.0,0.4444444444444444
18,angin_topan_0091,0,2,1,0.0,0.0,0.0
19,angin_topan_0096,0,1,1,0.0,0.0,0.0
20,angin_topan_0108,1,0,0,1.0,1.0,1.0
21,angin_topan_0119,1,1,0,0.5,1.0,0.6666666666666666
22,angin_topan_0121,3,0,0,1.0,1.0,1.0
23,angin_topan_0127,1,2,0,0.3333333333333333,1.0,0.5
24,angin_topan_0140,1,1,0,0.5,1.0,0.6666666666666666
25,angin_topan_0156,1,10,0,0.09090909090909091,1.0,0.16666666666666666
26,angin_topan_0163,1,1,0,0.5,1.0,0.6666666666666666
27,angin_topan_0168,0,4,1,0.0,0.0,0.0
28,angin_topan_0170,1,2,0,0.3333333333333333,1.0,0.5
29,angin_topan_0175,0,1,1,0.0,0.0,0.0
30,angin_topan_0179,1,1,0,0.5,1.0,0.6666666666666666
31,angin_topan_0183,0,2,1,0.0,0.0,0.0
32,angin_topan_0189,0,0,1,0.0,0.0,0.0
33,angin_topan_0193,0,2,1,0.0,0.0,0.0
34,angin_topan_0208,2,1,0,0.6666666666666666,1.0,0.8
35,angin_topan_0220,0,1,1,0.0,0.0,0.0
36,angin_topan_0227,1,1,0,0.5,1.0,0.6666666666666666
37,angin_topan_0233,0,1,1,0.0,0.0,0.0
38,angin_topan_0239,1,0,0,1.0,1.0,1.0
39,angin_topan_0242,0,2,1,0.0,0.0,0.0
40,angin_topan_0251,1,1,0,0.5,1.0,0.6666666666666666
41,angin_topan_0257,0,2,1,0.0,0.0,0.0
42,angin_topan_0272,2,2,0,0.5,1.0,0.6666666666666666
43,angin_topan_0275,0,1,1,0.0,0.0,0.0
44,angin_topan_0285,0,1,1,0.0,0.0,0.0
45,angin_topan_0286,0,3,1,0.0,0.0,0.0
46,angin_topan_0299,0,1,1,0.0,0.0,0.0
47,angin_topan_0303,0,2,1,0.0,0.0,0.0
48,angin_topan_0305,0,2,1,0.0,0.0,0.0
49,angin_topan_0307,0,0,1,0.0,0.0,0.0
50,angin_topan_0309,0,1,1,0.0,0.0,0.0
51,angin_topan_0311,1,1,0,0.5,1.0,0.6666666666666666
52,angin_topan_0315,0,2,1,0.0,0.0,0.0
53,angin_topan_0340,0,2,1,0.0,0.0,0.0
54,angin_topan_0344,0,2,1,0.0,0.0,0.0
55,angin_topan_0364,0,1,1,0.0,0.0,0.0
56,angin_topan_0395,1,0,0,1.0,1.0,1.0
57,angin_topan_0398,1,1,0,0.5,1.0,0.6666666666666666
58,angin_topan_0403,3,3,0,0.5,1.0,0.6666666666666666
59,angin_topan_0412,0,2,1,0.0,0.0,0.0
60,angin_topan_0446,0,2,1,0.0,0.0,0.0
61,angin_topan_0452,0,2,1,0.0,0.0,0.0
62,angin_topan_0458,1,2,0,0.3333333333333333,1.0,0.5
63,angin_topan_0459,2,2,2,0.5,0.5,0.5
64,angin_topan_0463,0,1,1,0.0,0.0,0.0
65,angin_topan_0464,0,1,1,0.0,0.0,0.0
66,angin_topan_0466,0,1,1,0.0,0.0,0.0
67,angin_topan_0474,0,1,1,0.0,0.0,0.0
68,angin_topan_0480,2,2,2,0.5,0.5,0.5
69,angin_topan_0515,1,4,3,0.2,0.25,0.2222222222222222
70,angin_topan_0524,0,2,1,0.0,0.0,0.0
71,angin_topan_0528,1,1,0,0.5,1.0,0.6666666666666666
72,angin_topan_0549,0,0,1,0.0,0.0,0.0
73,angin_topan_0550,1,2,0,0.3333333333333333,1.0,0.5
74,angin_topan_0572,0,4,1,0.0,0.0,0.0
75,angin_topan_0573,2,0,1,1.0,0.6666666666666666,0.8
76,angin_topan_0580,1,1,0,0.5,1.0,0.6666666666666666
77,angin_topan_0584,1,1,0,0.5,1.0,0.6666666666666666
78,angin_topan_0588,1,1,0,0.5,1.0,0.6666666666666666
79,angin_topan_0613,0,4,2,0.0,0.0,0.0
80,angin_topan_0623,0,2,1,0.0,0.0,0.0
81,angin_topan_0632,0,0,1,0.0,0.0,0.0
82,angin_topan_0641,1,0,0,1.0,1.0,1.0
83,angin_topan_0660,0,2,1,0.0,0.0,0.0
84,angin_topan_0662,1,0,0,1.0,1.0,1.0
85,angin_topan_0671,0,2,1,0.0,0.0,0.0
86,angin_topan_0683,1,1,0,0.5,1.0,0.6666666666666666
87,angin_topan_0692,0,1,1,0.0,0.0,0.0
88,angin_topan_0695,1,3,0,0.25,1.0,0.4
89,angin_topan_0697,2,2,2,0.5,0.5,0.5
90,angin_topan_0701,0,1,1,0.0,0.0,0.0
91,angin_topan_0703,1,3,0,0.25,1.0,0.4
92,angin_topan_0713,1,3,0,0.25,1.0,0.4
93,angin_topan_0715,0,1,1,0.0,0.0,0.0
94,angin_topan_0737,1,0,0,1.0,1.0,1.0
95,angin_topan_0744,1,1,0,0.5,1.0,0.6666666666666666
96,angin_topan_0750,0,0,1,0.0,0.0,0.0
97,angin_topan_0761,0,0,1,0.0,0.0,0.0
98,angin_topan_0787,1,1,0,0.5,1.0,0.6666666666666666
99,angin_topan_0793,1,0,0,1.0,1.0,1.0
100,angin_topan_0797,0,1,1,0.0,0.0,0.0
101,angin_topan_0807,7,2,0,0.7777777777777778,1.0,0.875
102,angin_topan_0817,2,2,0,0.5,1.0,0.6666666666666666
103,angin_topan_0819,0,0,1,0.0,0.0,0.0
104,angin_topan_0825,1,4,0,0.2,1.0,0.3333333333333333
105,angin_topan_0827,0,0,1,0.0,0.0,0.0
106,angin_topan_0833,1,0,0,1.0,1.0,1.0
107,angin_topan_0841,1,0,0,1.0,1.0,1.0
108,angin_topan_0868,1,0,0,1.0,1.0,1.0
109,angin_topan_0888,0,2,1,0.0,0.0,0.0
110,angin_topan_0889,0,2,1,0.0,0.0,0.0
111,angin_topan_0907,1,0,0,1.0,1.0,1.0
112,angin_topan_0909,1,1,0,0.5,1.0,0.6666666666666666
113,angin_topan_0910,0,2,1,0.0,0.0,0.0
114,angin_topan_0914,0,1,1,0.0,0.0,0.0
115,angin_topan_0919,1,0,0,1.0,1.0,1.0
116,angin_topan_0931,1,0,0,1.0,1.0,1.0
117,angin_topan_0935,1,2,0,0.3333333333333333,1.0,0.5
118,angin_topan_0953,0,0,1,0.0,0.0,0.0
119,angin_topan_0958,0,0,1,0.0,0.0,0.0
120,angin_topan_0959,0,1,1,0.0,0.0,0.0
121,angin_topan_0961,1,1,0,0.5,1.0,0.6666666666666666
122,angin_topan_0968,0,0,1,0.0,0.0,0.0
123,angin_topan_0970,1,2,0,0.3333333333333333,1.0,0.5
124,angin_topan_0987,1,0,0,1.0,1.0,1.0
125,angin_topan_0990,1,0,0,1.0,1.0,1.0
126,angin_topan_1000,0,1,1,0.0,0.0,0.0
127,angin_topan_1008,0,1,1,0.0,0.0,0.0
128,angin_topan_1011,1,0,0,1.0,1.0,1.0
129,angin_topan_1014,0,0,1,0.0,0.0,0.0
130,angin_topan_1019,0,1,1,0.0,0.0,0.0
131,angin_topan_1027,0,1,1,0.0,0.0,0.0
132,angin_topan_1030,0,2,5,0.0,0.0,0.0
133,angin_topan_1037,1,3,0,0.25,1.0,0.4
134,angin_topan_1054,1,0,0,1.0,1.0,1.0
135,angin_topan_1068,4,2,0,0.6666666666666666,1.0,0.8
136,angin_topan_1071,1,2,0,0.3333333333333333,1.0,0.5
137,angin_topan_1088,0,0,2,0.0,0.0,0.0
138,angin_topan_1105,0,1,1,0.0,0.0,0.0
139,angin_topan_1108,0,1,1,0.0,0.0,0.0
140,angin_topan_1128,4,2,1,0.6666666666666666,0.8,0.7272727272727273
141,angin_topan_1129,0,3,1,0.0,0.0,0.0
142,angin_topan_1135,0,1,1,0.0,0.0,0.0
143,angin_topan_1145,0,2,1,0.0,0.0,0.0
144,angin_topan_1147,1,0,0,1.0,1.0,1.0
145,angin_topan_1148,0,1,1,0.0,0.0,0.0
146,angin_topan_1149,0,2,1,0.0,0.0,0.0
147,angin_topan_1154,1,1,0,0.5,1.0,0.6666666666666666
148,angin_topan_1155,1,0,0,1.0,1.0,1.0
149,angin_topan_1161,0,1,1,0.0,0.0,0.0
150,angin_topan_1164,1,0,2,1.0,0.3333333333333333,0.5
151,angin_topan_1173,1,0,0,1.0,1.0,1.0
152,angin_topan_1176,0,2,1,0.0,0.0,0.0
153,angin_topan_1178,0,2,1,0.0,0.0,0.0
154,angin_topan_1182,1,0,0,1.0,1.0,1.0
155,angin_topan_1186,0,2,1,0.0,0.0,0.0
156,angin_topan_1194,4,2,3,0.6666666666666666,0.5714285714285714,0.6153846153846154
157,angin_topan_1203,0,2,1,0.0,0.0,0.0
158,angin_topan_1204,1,0,0,1.0,1.0,1.0
159,angin_topan_0001,1,1,0,0.5,1.0,0.6666666666666666
160,angin_topan_0035,1,1,0,0.5,1.0,0.6666666666666666
161,angin_topan_0061,1,1,0,0.5,1.0,0.6666666666666666
162,angin_topan_0122,0,0,1,0.0,0.0,0.0
163,angin_topan_0133,0,1,1,0.0,0.0,0.0
164,angin_topan_0177,1,1,0,0.5,1.0,0.6666666666666666
165,angin_topan_0201,0,1,1,0.0,0.0,0.0
166,angin_topan_0226,0,1,1,0.0,0.0,0.0
167,angin_topan_0261,1,1,0,0.5,1.0,0.6666666666666666
168,angin_topan_0308,1,0,0,1.0,1.0,1.0
169,angin_topan_0444,0,12,1,0.0,0.0,0.0
170,angin_topan_0460,0,2,1,0.0,0.0,0.0
171,angin_topan_0595,1,1,0,0.5,1.0,0.6666666666666666
172,angin_topan_0702,0,1,1,0.0,0.0,0.0
173,angin_topan_0718,0,2,1,0.0,0.0,0.0
174,angin_topan_0730,1,1,0,0.5,1.0,0.6666666666666666
175,angin_topan_0796,0,1,1,0.0,0.0,0.0
176,angin_topan_0832,0,1,1,0.0,0.0,0.0
177,angin_topan_0873,1,1,0,0.5,1.0,0.6666666666666666
178,angin_topan_0903,0,0,1,0.0,0.0,0.0
179,angin_topan_0922,1,0,0,1.0,1.0,1.0
180,angin_topan_0951,0,1,1,0.0,0.0,0.0
181,angin_topan_0984,0,0,1,0.0,0.0,0.0
182,angin_topan_0999,0,2,1,0.0,0.0,0.0
183,angin_topan_1017,4,0,6,1.0,0.4,0.5714285714285714
184,angin_topan_1090,1,1,0,0.5,1.0,0.6666666666666666
185,angin_topan_1112,0,1,1,0.0,0.0,0.0
186,angin_topan_1140,1,0,0,1.0,1.0,1.0
187,angin_topan_1169,1,0,0,1.0,1.0,1.0
188,angin_topan_1180,1,0,0,1.0,1.0,1.0
189,angin_topan_1208,0,1,1,0.0,0.0,0.0
190,angin_topan_0871,0,8,2,0.0,0.0,0.0
191,banjir_0002,0,0,1,0.0,0.0,0.0
192,banjir_0006,0,1,1,0.0,0.0,0.0
193,banjir_0008,1,3,0,0.25,1.0,0.4
194,banjir_0010,3,1,1,0.75,0.75,0.75
195,banjir_0018,1,2,0,0.3333333333333333,1.0,0.5
196,banjir_0020,1,1,1,0.5,0.5,0.5
197,banjir_0025,0,4,3,0.0,0.0,0.0
198,banjir_0026,0,7,2,0.0,0.0,0.0
199,banjir_0030,2,12,20,0.14285714285714285,0.09090909090909091,0.1111111111111111
200,banjir_0034,0,6,1,0.0,0.0,0.0
201,banjir_0036,0,2,1,0.0,0.0,0.0
202,banjir_0039,4,11,6,0.26666666666666666,0.4,0.32
203,banjir_0040,1,2,0,0.3333333333333333,1.0,0.5
204,banjir_0048,0,1,1,0.0,0.0,0.0
205,banjir_0077,0,2,6,0.0,0.0,0.0
206,banjir_0085,1,2,0,0.3333333333333333,1.0,0.5
207,banjir_0088,0,2,1,0.0,0.0,0.0
208,banjir_0100,0,1,1,0.0,0.0,0.0
209,banjir_0102,0,0,1,0.0,0.0,0.0
210,banjir_0106,0,11,20,0.0,0.0,0.0
211,banjir_0107,0,0,1,0.0,0.0,0.0
212,banjir_0121,0,3,1,0.0,0.0,0.0
213,banjir_0124,0,1,1,0.0,0.0,0.0
214,banjir_0127,1,1,0,0.5,1.0,0.6666666666666666
215,banjir_0133,0,2,1,0.0,0.0,0.0
216,banjir_0135,1,1,0,0.5,1.0,0.6666666666666666
217,banjir_0136,7,3,2,0.7,0.7777777777777778,0.7368421052631579
218,banjir_0138,2,4,0,0.3333333333333333,1.0,0.5
219,banjir_0141,0,2,3,0.0,0.0,0.0
220,banjir_0146,1,6,0,0.14285714285714285,1.0,0.25
221,banjir_0151,1,2,0,0.3333333333333333,1.0,0.5
222,banjir_0158,0,2,1,0.0,0.0,0.0
223,banjir_0169,1,3,0,0.25,1.0,0.4
224,banjir_0184,0,1,1,0.0,0.0,0.0
225,banjir_0195,2,7,8,0.2222222222222222,0.2,0.21052631578947367
226,banjir_0203,2,1,0,0.6666666666666666,1.0,0.8
227,banjir_0218,0,10,2,0.0,0.0,0.0
228,banjir_0220,0,4,1,0.0,0.0,0.0
229,banjir_0228,0,1,1,0.0,0.0,0.0
230,banjir_0229,0,1,2,0.0,0.0,0.0
231,banjir_0233,2,0,0,1.0,1.0,1.0
232,banjir_0234,0,4,1,0.0,0.0,0.0
233,banjir_0238,0,0,2,0.0,0.0,0.0
234,banjir_0242,1,1,0,0.5,1.0,0.6666666666666666
235,banjir_0263,0,3,1,0.0,0.0,0.0
236,banjir_0265,0,1,1,0.0,0.0,0.0
237,banjir_0269,0,1,1,0.0,0.0,0.0
238,banjir_0286,0,3,1,0.0,0.0,0.0
239,banjir_0288,0,1,1,0.0,0.0,0.0
240,banjir_0291,0,1,1,0.0,0.0,0.0
241,banjir_0292,0,2,5,0.0,0.0,0.0
242,banjir_0294,1,3,0,0.25,1.0,0.4
243,banjir_0304,0,1,7,0.0,0.0,0.0
244,banjir_0307,2,5,0,0.2857142857142857,1.0,0.4444444444444444
245,banjir_0310,0,2,1,0.0,0.0,0.0
246,banjir_0311,0,2,1,0.0,0.0,0.0
247,banjir_0319,0,1,1,0.0,0.0,0.0
248,banjir_0320,1,0,0,1.0,1.0,1.0
249,banjir_0321,1,1,0,0.5,1.0,0.6666666666666666
250,banjir_0322,0,1,2,0.0,0.0,0.0
251,banjir_0323,0,3,2,0.0,0.0,0.0
252,banjir_0326,0,5,4,0.0,0.0,0.0
253,banjir_0327,0,2,1,0.0,0.0,0.0
254,banjir_0331,0,0,1,0.0,0.0,0.0
255,banjir_0342,0,0,1,0.0,0.0,0.0
256,banjir_0348,0,1,1,0.0,0.0,0.0
257,banjir_0350,2,3,1,0.4,0.6666666666666666,0.5
258,banjir_0358,1,1,0,0.5,1.0,0.6666666666666666
259,banjir_0359,0,11,5,0.0,0.0,0.0
260,banjir_0360,0,1,5,0.0,0.0,0.0
261,banjir_0365,0,1,1,0.0,0.0,0.0
262,banjir_0367,0,3,3,0.0,0.0,0.0
263,banjir_0372,0,0,1,0.0,0.0,0.0
264,banjir_0389,0,4,3,0.0,0.0,0.0
265,banjir_0390,1,2,0,0.3333333333333333,1.0,0.5
266,banjir_0392,1,0,0,1.0,1.0,1.0
267,banjir_0396,0,2,1,0.0,0.0,0.0
268,banjir_0397,0,1,1,0.0,0.0,0.0
269,banjir_0400,2,3,2,0.4,0.5,0.4444444444444444
270,banjir_0405,0,2,1,0.0,0.0,0.0
271,banjir_0406,1,2,0,0.3333333333333333,1.0,0.5
272,banjir_0409,0,2,1,0.0,0.0,0.0
273,banjir_0418,0,3,3,0.0,0.0,0.0
274,banjir_0425,0,4,1,0.0,0.0,0.0
275,banjir_0435,0,1,1,0.0,0.0,0.0
276,banjir_0436,1,0,0,1.0,1.0,1.0
277,banjir_0448,0,3,1,0.0,0.0,0.0
278,banjir_0449,0,0,3,0.0,0.0,0.0
279,banjir_0452,1,3,0,0.25,1.0,0.4
280,banjir_0453,0,4,1,0.0,0.0,0.0
281,banjir_0457,0,7,1,0.0,0.0,0.0
282,banjir_0464,0,1,1,0.0,0.0,0.0
283,banjir_0477,0,2,1,0.0,0.0,0.0
284,banjir_0488,1,1,0,0.5,1.0,0.6666666666666666
285,banjir_0489,3,1,0,0.75,1.0,0.8571428571428572
286,banjir_0502,1,2,0,0.3333333333333333,1.0,0.5
287,banjir_0507,0,4,1,0.0,0.0,0.0
288,banjir_0519,0,1,1,0.0,0.0,0.0
289,banjir_0520,3,1,0,0.75,1.0,0.8571428571428572
290,banjir_0538,1,0,0,1.0,1.0,1.0
291,banjir_0540,1,3,1,0.25,0.5,0.3333333333333333
292,banjir_0541,5,10,9,0.3333333333333333,0.35714285714285715,0.3448275862068966
293,banjir_0544,1,1,3,0.5,0.25,0.3333333333333333
294,banjir_0547,0,2,4,0.0,0.0,0.0
295,banjir_0554,1,0,0,1.0,1.0,1.0
296,banjir_0557,1,2,2,0.3333333333333333,0.3333333333333333,0.3333333333333333
297,banjir_0570,5,0,0,1.0,1.0,1.0
298,banjir_0573,1,3,2,0.25,0.3333333333333333,0.2857142857142857
299,banjir_0576,1,7,2,0.125,0.3333333333333333,0.18181818181818182
300,banjir_0578,0,1,1,0.0,0.0,0.0
301,banjir_0582,1,1,0,0.5,1.0,0.6666666666666666
302,banjir_0583,1,0,0,1.0,1.0,1.0
303,banjir_0587,1,4,0,0.2,1.0,0.3333333333333333
304,banjir_0590,0,1,1,0.0,0.0,0.0
305,banjir_0599,0,1,1,0.0,0.0,0.0
306,banjir_0602,0,2,1,0.0,0.0,0.0
307,banjir_0608,1,0,0,1.0,1.0,1.0
308,banjir_0617,0,2,1,0.0,0.0,0.0
309,banjir_0619,1,0,0,1.0,1.0,1.0
310,banjir_0620,1,0,0,1.0,1.0,1.0
311,banjir_0621,1,0,0,1.0,1.0,1.0
312,banjir_0625,1,5,1,0.16666666666666666,0.5,0.25
313,banjir_0630,0,1,1,0.0,0.0,0.0
314,banjir_0632,2,5,0,0.2857142857142857,1.0,0.4444444444444444
315,banjir_0634,0,2,1,0.0,0.0,0.0
316,banjir_0648,1,1,0,0.5,1.0,0.6666666666666666
317,banjir_0671,1,3,2,0.25,0.3333333333333333,0.2857142857142857
318,banjir_0678,0,11,3,0.0,0.0,0.0
319,banjir_0687,0,0,1,0.0,0.0,0.0
320,banjir_0703,1,0,0,1.0,1.0,1.0
321,banjir_0705,1,2,0,0.3333333333333333,1.0,0.5
322,banjir_0709,0,3,1,0.0,0.0,0.0
323,banjir_0713,4,9,11,0.3076923076923077,0.26666666666666666,0.2857142857142857
324,banjir_0738,0,2,1,0.0,0.0,0.0
325,banjir_0755,0,6,1,0.0,0.0,0.0
326,banjir_0769,0,1,1,0.0,0.0,0.0
327,banjir_0776,0,8,2,0.0,0.0,0.0
328,banjir_0788,0,1,1,0.0,0.0,0.0
329,banjir_0804,0,1,1,0.0,0.0,0.0
330,banjir_0817,0,4,2,0.0,0.0,0.0
331,banjir_0820,0,3,1,0.0,0.0,0.0
332,banjir_0824,2,2,0,0.5,1.0,0.6666666666666666
333,banjir_0831,0,4,1,0.0,0.0,0.0
334,banjir_0833,0,6,3,0.0,0.0,0.0
335,banjir_0837,3,0,1,1.0,0.75,0.8571428571428572
336,banjir_0850,0,1,1,0.0,0.0,0.0
337,banjir_0852,1,1,0,0.5,1.0,0.6666666666666666
338,banjir_0857,0,2,5,0.0,0.0,0.0
339,banjir_0861,0,3,16,0.0,0.0,0.0
340,banjir_0874,1,0,0,1.0,1.0,1.0
341,banjir_0879,1,0,1,1.0,0.5,0.6666666666666666
342,banjir_0888,0,8,5,0.0,0.0,0.0
343,banjir_0901,0,0,1,0.0,0.0,0.0
344,banjir_0906,0,3,1,0.0,0.0,0.0
345,banjir_0912,0,4,1,0.0,0.0,0.0
346,banjir_0916,0,3,1,0.0,0.0,0.0
347,banjir_0917,0,4,1,0.0,0.0,0.0
348,banjir_0923,0,4,2,0.0,0.0,0.0
349,banjir_0933,0,1,1,0.0,0.0,0.0
350,banjir_0943,0,3,1,0.0,0.0,0.0
351,banjir_0952,0,2,1,0.0,0.0,0.0
352,banjir_0957,1,1,0,0.5,1.0,0.6666666666666666
353,banjir_0966,0,8,10,0.0,0.0,0.0
354,banjir_0967,0,1,1,0.0,0.0,0.0
355,banjir_0972,0,5,1,0.0,0.0,0.0
356,banjir_0974,0,3,1,0.0,0.0,0.0
357,banjir_0977,0,1,1,0.0,0.0,0.0
358,banjir_0980,0,1,10,0.0,0.0,0.0
359,banjir_0983,1,0,0,1.0,1.0,1.0
360,banjir_0992,0,4,2,0.0,0.0,0.0
361,banjir_1003,6,5,6,0.5454545454545454,0.5,0.5217391304347826
362,banjir_1005,1,1,0,0.5,1.0,0.6666666666666666
363,banjir_1007,0,4,1,0.0,0.0,0.0
364,banjir_1009,0,1,1,0.0,0.0,0.0
365,banjir_1012,0,3,1,0.0,0.0,0.0
366,banjir_1017,0,2,1,0.0,0.0,0.0
367,banjir_1019,0,2,1,0.0,0.0,0.0
368,banjir_1022,0,2,1,0.0,0.0,0.0
369,banjir_1029,0,2,4,0.0,0.0,0.0
370,banjir_1038,0,1,1,0.0,0.0,0.0
371,banjir_1053,2,12,3,0.14285714285714285,0.4,0.21052631578947367
372,banjir_1055,0,0,1,0.0,0.0,0.0
373,banjir_1057,0,3,2,0.0,0.0,0.0
374,banjir_1069,0,1,1,0.0,0.0,0.0
375,banjir_1071,2,3,0,0.4,1.0,0.5714285714285714
376,banjir_1075,1,0,1,1.0,0.5,0.6666666666666666
377,banjir_1078,1,0,0,1.0,1.0,1.0
378,banjir_1080,1,0,0,1.0,1.0,1.0
379,banjir_1081,0,2,1,0.0,0.0,0.0
380,banjir_1082,0,3,2,0.0,0.0,0.0
381,banjir_1088,0,2,1,0.0,0.0,0.0
382,banjir_1091,1,1,0,0.5,1.0,0.6666666666666666
383,banjir_1092,4,2,0,0.6666666666666666,1.0,0.8
384,banjir_1096,3,0,1,1.0,0.75,0.8571428571428572
385,banjir_1097,0,5,1,0.0,0.0,0.0
386,banjir_1098,1,0,0,1.0,1.0,1.0
387,banjir_1100,0,1,1,0.0,0.0,0.0
388,banjir_1103,0,3,1,0.0,0.0,0.0
389,banjir_1105,2,0,0,1.0,1.0,1.0
390,banjir_1112,3,6,1,0.3333333333333333,0.75,0.46153846153846156
391,banjir_1114,0,5,1,0.0,0.0,0.0
392,banjir_1115,2,2,0,0.5,1.0,0.6666666666666666
393,banjir_1132,2,0,1,1.0,0.6666666666666666,0.8
394,banjir_1135,0,5,3,0.0,0.0,0.0
395,banjir_1139,0,2,1,0.0,0.0,0.0
396,banjir_1145,0,2,1,0.0,0.0,0.0
397,banjir_1146,0,3,1,0.0,0.0,0.0
398,banjir_1150,0,3,1,0.0,0.0,0.0
399,banjir_1151,4,6,4,0.4,0.5,0.4444444444444444
400,banjir_1161,1,1,0,0.5,1.0,0.6666666666666666
401,banjir_1163,0,3,1,0.0,0.0,0.0
402,banjir_1164,0,3,1,0.0,0.0,0.0
403,banjir_1177,0,3,2,0.0,0.0,0.0
404,banjir_1183,0,0,1,0.0,0.0,0.0
405,banjir_1186,0,1,1,0.0,0.0,0.0
406,banjir_1209,0,2,2,0.0,0.0,0.0
407,banjir_1212,0,3,1,0.0,0.0,0.0
408,banjir_1220,1,2,0,0.3333333333333333,1.0,0.5
409,banjir_1226,0,2,1,0.0,0.0,0.0
410,banjir_1240,0,0,1,0.0,0.0,0.0
411,banjir_1241,1,1,1,0.5,0.5,0.5
412,banjir_0009,1,0,0,1.0,1.0,1.0
413,banjir_0035,2,1,1,0.6666666666666666,0.6666666666666666,0.6666666666666666
414,banjir_0074,0,7,1,0.0,0.0,0.0
415,banjir_0097,0,3,1,0.0,0.0,0.0
416,banjir_0116,0,2,1,0.0,0.0,0.0
417,banjir_0134,2,0,0,1.0,1.0,1.0
418,banjir_0155,6,5,5,0.5454545454545454,0.5454545454545454,0.5454545454545454
419,banjir_0189,0,1,1,0.0,0.0,0.0
420,banjir_0217,0,1,1,0.0,0.0,0.0
421,banjir_0241,0,4,1,0.0,0.0,0.0
422,banjir_0261,0,3,1,0.0,0.0,0.0
423,banjir_0289,1,2,1,0.3333333333333333,0.5,0.4
424,banjir_0313,1,1,1,0.5,0.5,0.5
425,banjir_0333,0,2,3,0.0,0.0,0.0
426,banjir_0363,0,1,1,0.0,0.0,0.0
427,banjir_0398,0,2,1,0.0,0.0,0.0
428,banjir_0422,0,2,1,0.0,0.0,0.0
429,banjir_0462,0,1,1,0.0,0.0,0.0
430,banjir_0500,0,3,4,0.0,0.0,0.0
431,banjir_0537,1,3,0,0.25,1.0,0.4
432,banjir_0571,1,1,0,0.5,1.0,0.6666666666666666
433,banjir_0589,1,0,0,1.0,1.0,1.0
434,banjir_0627,1,1,0,0.5,1.0,0.6666666666666666
435,banjir_0645,3,3,1,0.5,0.75,0.6000000000000001
436,banjir_0677,1,0,0,1.0,1.0,1.0
437,banjir_0715,1,1,0,0.5,1.0,0.6666666666666666
438,banjir_0772,0,1,1,0.0,0.0,0.0
439,banjir_0798,1,0,0,1.0,1.0,1.0
440,banjir_0822,0,1,1,0.0,0.0,0.0
441,banjir_0841,0,5,1,0.0,0.0,0.0
442,banjir_0845,1,0,0,1.0,1.0,1.0
443,banjir_0891,0,3,1,0.0,0.0,0.0
444,banjir_0915,0,2,1,0.0,0.0,0.0
445,banjir_0925,0,2,1,0.0,0.0,0.0
446,banjir_0975,0,1,1,0.0,0.0,0.0
447,banjir_1024,1,1,0,0.5,1.0,0.6666666666666666
448,banjir_1061,0,2,1,0.0,0.0,0.0
449,banjir_1077,1,0,0,1.0,1.0,1.0
450,banjir_1101,0,2,1,0.0,0.0,0.0
451,banjir_1106,1,1,1,0.5,0.5,0.5
452,banjir_1128,2,3,0,0.4,1.0,0.5714285714285714
453,banjir_1156,1,2,0,0.3333333333333333,1.0,0.5
454,banjir_1165,0,2,1,0.0,0.0,0.0
455,banjir_1210,0,1,2,0.0,0.0,0.0
456,banjir_1228,1,2,1,0.3333333333333333,0.5,0.4
457,erupsi_0003,0,1,1,0.0,0.0,0.0
458,erupsi_0008,1,1,0,0.5,1.0,0.6666666666666666
459,erupsi_0021,1,0,0,1.0,1.0,1.0
460,erupsi_0027,1,0,0,1.0,1.0,1.0
461,erupsi_0050,1,2,0,0.3333333333333333,1.0,0.5
462,erupsi_0064,0,1,1,0.0,0.0,0.0
463,erupsi_0068,1,2,0,0.3333333333333333,1.0,0.5
464,erupsi_0074,2,1,4,0.6666666666666666,0.3333333333333333,0.4444444444444444
465,erupsi_0121,0,5,1,0.0,0.0,0.0
466,erupsi_0134,0,1,1,0.0,0.0,0.0
467,erupsi_0169,0,1,1,0.0,0.0,0.0
468,erupsi_0183,0,2,1,0.0,0.0,0.0
469,erupsi_0191,0,0,1,0.0,0.0,0.0
470,erupsi_0193,1,2,0,0.3333333333333333,1.0,0.5
471,erupsi_0213,0,1,1,0.0,0.0,0.0
472,erupsi_0214,0,1,1,0.0,0.0,0.0
473,erupsi_0225,0,1,1,0.0,0.0,0.0
474,erupsi_0241,0,0,2,0.0,0.0,0.0
475,erupsi_0245,0,1,8,0.0,0.0,0.0
476,erupsi_0257,0,2,1,0.0,0.0,0.0
477,erupsi_0259,0,3,1,0.0,0.0,0.0
478,erupsi_0261,0,2,1,0.0,0.0,0.0
479,erupsi_0267,1,2,0,0.3333333333333333,1.0,0.5
480,erupsi_0302,0,1,2,0.0,0.0,0.0
481,erupsi_0308,0,2,1,0.0,0.0,0.0
482,erupsi_0317,0,3,1,0.0,0.0,0.0
483,erupsi_0331,0,2,1,0.0,0.0,0.0
484,erupsi_0332,0,0,0,0.0,0.0,0.0
485,erupsi_0338,0,1,2,0.0,0.0,0.0
486,erupsi_0346,0,3,1,0.0,0.0,0.0
487,erupsi_0352,0,0,1,0.0,0.0,0.0
488,erupsi_0365,1,1,0,0.5,1.0,0.6666666666666666
489,erupsi_0373,1,4,7,0.2,0.125,0.15384615384615385
490,erupsi_0386,0,1,2,0.0,0.0,0.0
491,erupsi_0413,0,3,3,0.0,0.0,0.0
492,erupsi_0416,0,0,3,0.0,0.0,0.0
493,erupsi_0432,1,1,0,0.5,1.0,0.6666666666666666
494,erupsi_0440,2,1,10,0.6666666666666666,0.16666666666666666,0.26666666666666666
495,erupsi_0444,0,1,0,0.0,0.0,0.0
496,erupsi_0467,0,0,2,0.0,0.0,0.0
497,erupsi_0477,0,2,3,0.0,0.0,0.0
498,erupsi_0498,2,5,3,0.2857142857142857,0.4,0.3333333333333333
499,erupsi_0505,0,5,1,0.0,0.0,0.0
500,erupsi_0523,1,0,0,1.0,1.0,1.0
501,erupsi_0531,0,1,2,0.0,0.0,0.0
502,erupsi_0551,0,2,2,0.0,0.0,0.0
503,erupsi_0553,0,2,2,0.0,0.0,0.0
504,erupsi_0570,0,2,2,0.0,0.0,0.0
505,erupsi_0576,0,1,5,0.0,0.0,0.0
506,erupsi_0579,0,1,1,0.0,0.0,0.0
507,erupsi_0580,0,0,1,0.0,0.0,0.0
508,erupsi_0592,1,4,5,0.2,0.16666666666666666,0.18181818181818182
509,erupsi_0603,0,4,1,0.0,0.0,0.0
510,erupsi_0661,2,2,1,0.5,0.6666666666666666,0.5714285714285714
511,erupsi_0666,0,1,2,0.0,0.0,0.0
512,erupsi_0681,1,0,0,1.0,1.0,1.0
513,erupsi_0694,1,0,0,1.0,1.0,1.0
514,erupsi_0698,0,5,6,0.0,0.0,0.0
515,erupsi_0700,0,1,1,0.0,0.0,0.0
516,erupsi_0704,0,1,2,0.0,0.0,0.0
517,erupsi_0706,0,0,1,0.0,0.0,0.0
518,erupsi_0707,0,1,1,0.0,0.0,0.0
519,erupsi_0715,0,0,1,0.0,0.0,0.0
520,erupsi_0718,0,1,1,0.0,0.0,0.0
521,erupsi_0736,1,0,0,1.0,1.0,1.0
522,erupsi_0744,0,1,1,0.0,0.0,0.0
523,erupsi_0753,0,1,2,0.0,0.0,0.0
524,erupsi_0755,0,2,2,0.0,0.0,0.0
525,erupsi_0773,0,2,1,0.0,0.0,0.0
526,erupsi_0776,1,1,1,0.5,0.5,0.5
527,erupsi_0786,0,5,1,0.0,0.0,0.0
528,erupsi_0794,0,5,3,0.0,0.0,0.0
529,erupsi_0808,0,3,1,0.0,0.0,0.0
530,erupsi_0828,0,0,1,0.0,0.0,0.0
531,erupsi_0836,0,0,1,0.0,0.0,0.0
532,erupsi_0847,0,3,1,0.0,0.0,0.0
533,erupsi_0873,0,1,3,0.0,0.0,0.0
534,erupsi_0876,0,3,1,0.0,0.0,0.0
535,erupsi_0887,0,1,0,0.0,0.0,0.0
536,erupsi_0891,1,1,0,0.5,1.0,0.6666666666666666
537,erupsi_0893,1,2,1,0.3333333333333333,0.5,0.4
538,erupsi_0896,0,1,0,0.0,0.0,0.0
539,erupsi_0897,0,3,1,0.0,0.0,0.0
540,erupsi_0934,0,2,1,0.0,0.0,0.0
541,erupsi_0945,0,0,2,0.0,0.0,0.0
542,erupsi_0997,0,2,2,0.0,0.0,0.0
543,erupsi_1031,0,8,9,0.0,0.0,0.0
544,erupsi_1041,0,5,2,0.0,0.0,0.0
545,erupsi_1062,0,0,1,0.0,0.0,0.0
546,erupsi_1068,0,1,1,0.0,0.0,0.0
547,erupsi_1074,0,1,1,0.0,0.0,0.0
548,erupsi_1076,1,2,8,0.3333333333333333,0.1111111111111111,0.16666666666666666
549,erupsi_1079,1,0,1,1.0,0.5,0.6666666666666666
550,erupsi_1084,0,3,3,0.0,0.0,0.0
551,erupsi_1088,0,3,2,0.0,0.0,0.0
552,erupsi_0046,0,0,0,0.0,0.0,0.0
553,erupsi_0067,3,3,0,0.5,1.0,0.6666666666666666
554,erupsi_0250,1,0,0,1.0,1.0,1.0
555,erupsi_0303,0,1,2,0.0,0.0,0.0
556,erupsi_0328,0,1,3,0.0,0.0,0.0
557,erupsi_0357,0,2,1,0.0,0.0,0.0
558,erupsi_0384,0,3,1,0.0,0.0,0.0
559,erupsi_0546,0,2,2,0.0,0.0,0.0
560,erupsi_0582,3,0,2,1.0,0.6,0.7499999999999999
561,erupsi_0710,0,1,1,0.0,0.0,0.0
562,erupsi_0747,1,2,6,0.3333333333333333,0.14285714285714285,0.2
563,erupsi_0886,2,0,1,1.0,0.6666666666666666,0.8
564,erupsi_0935,1,1,1,0.5,0.5,0.5
565,erupsi_1081,1,1,1,0.5,0.5,0.5
566,erupsi_0812,0,3,1,0.0,0.0,0.0
567,erupsi_0380,0,0,1,0.0,0.0,0.0
568,erupsi_0056,0,4,5,0.0,0.0,0.0
569,erupsi_0623,0,1,1,0.0,0.0,0.0
570,gempa_0001,0,0,5,0.0,0.0,0.0
571,gempa_0002,0,2,1,0.0,0.0,0.0
572,gempa_0003,0,0,1,0.0,0.0,0.0
573,gempa_0004,0,4,2,0.0,0.0,0.0
574,gempa_0005,0,2,4,0.0,0.0,0.0
575,gempa_0009,3,0,0,1.0,1.0,1.0
576,gempa_0012,1,1,1,0.5,0.5,0.5
577,gempa_0013,0,2,1,0.0,0.0,0.0
578,gempa_0015,1,2,2,0.3333333333333333,0.3333333333333333,0.3333333333333333
579,gempa_0016,0,1,1,0.0,0.0,0.0
580,gempa_0018,0,0,1,0.0,0.0,0.0
581,gempa_0019,1,1,0,0.5,1.0,0.6666666666666666
582,gempa_0025,1,2,3,0.3333333333333333,0.25,0.2857142857142857
583,gempa_0027,1,2,1,0.3333333333333333,0.5,0.4
584,gempa_0038,1,3,3,0.25,0.25,0.25
585,gempa_0058,1,12,0,0.07692307692307693,1.0,0.14285714285714285
586,gempa_0064,0,0,1,0.0,0.0,0.0
587,gempa_0074,1,1,1,0.5,0.5,0.5
588,gempa_0080,2,10,1,0.16666666666666666,0.6666666666666666,0.26666666666666666
589,gempa_0088,1,3,1,0.25,0.5,0.3333333333333333
590,gempa_0102,1,1,2,0.5,0.3333333333333333,0.4
591,gempa_0103,1,0,0,1.0,1.0,1.0
592,gempa_0107,0,2,1,0.0,0.0,0.0
593,gempa_0112,2,0,0,1.0,1.0,1.0
594,gempa_0122,1,2,2,0.3333333333333333,0.3333333333333333,0.3333333333333333
595,gempa_0123,0,2,1,0.0,0.0,0.0
596,gempa_0131,7,0,0,1.0,1.0,1.0
597,gempa_0142,0,1,1,0.0,0.0,0.0
598,gempa_0154,0,6,3,0.0,0.0,0.0
599,gempa_0156,0,6,6,0.0,0.0,0.0
600,gempa_0167,0,2,1,0.0,0.0,0.0
601,gempa_0187,0,2,2,0.0,0.0,0.0
602,gempa_0218,1,1,0,0.5,1.0,0.6666666666666666
603,gempa_0219,1,1,0,0.5,1.0,0.6666666666666666
604,gempa_0227,1,0,0,1.0,1.0,1.0
605,gempa_0229,0,1,1,0.0,0.0,0.0
606,gempa_0250,0,3,1,0.0,0.0,0.0
607,gempa_0251,0,5,1,0.0,0.0,0.0
608,gempa_0255,0,6,1,0.0,0.0,0.0
609,gempa_0259,0,2,2,0.0,0.0,0.0
610,gempa_0267,2,1,2,0.6666666666666666,0.5,0.5714285714285714
611,gempa_0273,0,0,1,0.0,0.0,0.0
612,gempa_0276,0,0,7,0.0,0.0,0.0
613,gempa_0278,1,0,0,1.0,1.0,1.0
614,gempa_0284,0,0,1,0.0,0.0,0.0
615,gempa_0287,0,2,1,0.0,0.0,0.0
616,gempa_0297,2,1,0,0.6666666666666666,1.0,0.8
617,gempa_0298,0,1,2,0.0,0.0,0.0
618,gempa_0300,2,1,0,0.6666666666666666,1.0,0.8
619,gempa_0310,0,2,3,0.0,0.0,0.0
620,gempa_0314,0,1,1,0.0,0.0,0.0
621,gempa_0339,1,4,1,0.2,0.5,0.2857142857142857
622,gempa_0343,0,2,1,0.0,0.0,0.0
623,gempa_0349,0,8,5,0.0,0.0,0.0
624,gempa_0357,2,0,0,1.0,1.0,1.0
625,gempa_0375,3,4,2,0.42857142857142855,0.6,0.5
626,gempa_0379,0,1,1,0.0,0.0,0.0
627,gempa_0395,3,4,3,0.42857142857142855,0.5,0.46153846153846145
628,gempa_0398,1,4,1,0.2,0.5,0.2857142857142857
629,gempa_0407,0,0,1,0.0,0.0,0.0
630,gempa_0416,0,3,1,0.0,0.0,0.0
631,gempa_0430,0,2,1,0.0,0.0,0.0
632,gempa_0437,2,0,0,1.0,1.0,1.0
633,gempa_0448,0,1,1,0.0,0.0,0.0
634,gempa_0455,0,1,1,0.0,0.0,0.0
635,gempa_0462,1,1,4,0.5,0.2,0.2857142857142857
636,gempa_0474,1,0,0,1.0,1.0,1.0
637,gempa_0484,1,0,1,1.0,0.5,0.6666666666666666
638,gempa_0487,0,4,1,0.0,0.0,0.0
639,gempa_0505,0,4,1,0.0,0.0,0.0
640,gempa_0516,2,2,7,0.5,0.2222222222222222,0.3076923076923077
641,gempa_0524,0,3,1,0.0,0.0,0.0
642,gempa_0533,1,2,1,0.3333333333333333,0.5,0.4
643,gempa_0536,3,1,1,0.75,0.75,0.75
644,gempa_0537,0,2,1,0.0,0.0,0.0
645,gempa_0538,2,4,0,0.3333333333333333,1.0,0.5
646,gempa_0539,1,2,0,0.3333333333333333,1.0,0.5
647,gempa_0546,0,2,1,0.0,0.0,0.0
648,gempa_0549,2,0,0,1.0,1.0,1.0
649,gempa_0554,0,1,1,0.0,0.0,0.0
650,gempa_0561,2,1,0,0.6666666666666666,1.0,0.8
651,gempa_0564,2,1,0,0.6666666666666666,1.0,0.8
652,gempa_0567,3,1,0,0.75,1.0,0.8571428571428572
653,gempa_0568,1,2,0,0.3333333333333333,1.0,0.5
654,gempa_0581,0,4,6,0.0,0.0,0.0
655,gempa_0585,2,1,0,0.6666666666666666,1.0,0.8
656,gempa_0613,0,2,1,0.0,0.0,0.0
657,gempa_0616,3,1,0,0.75,1.0,0.8571428571428572
658,gempa_0618,3,2,1,0.6,0.75,0.6666666666666666
659,gempa_0621,1,1,0,0.5,1.0,0.6666666666666666
660,gempa_0639,3,8,0,0.2727272727272727,1.0,0.42857142857142855
661,gempa_0643,1,3,0,0.25,1.0,0.4
662,gempa_0646,2,0,0,1.0,1.0,1.0
663,gempa_0647,2,0,0,1.0,1.0,1.0
664,gempa_0653,2,2,0,0.5,1.0,0.6666666666666666
665,gempa_0660,2,1,0,0.6666666666666666,1.0,0.8
666,gempa_0664,3,0,0,1.0,1.0,1.0
667,gempa_0674,2,0,0,1.0,1.0,1.0
668,gempa_0676,5,1,2,0.8333333333333334,0.7142857142857143,0.7692307692307694
669,gempa_0679,1,3,2,0.25,0.3333333333333333,0.2857142857142857
670,gempa_0682,1,0,0,1.0,1.0,1.0
671,gempa_0690,0,0,1,0.0,0.0,0.0
672,gempa_0695,0,3,1,0.0,0.0,0.0
673,gempa_0704,1,2,1,0.3333333333333333,0.5,0.4
674,gempa_0708,0,1,1,0.0,0.0,0.0
675,gempa_0714,4,1,1,0.8,0.8,0.8
676,gempa_0731,0,2,1,0.0,0.0,0.0
677,gempa_0735,1,1,4,0.5,0.2,0.2857142857142857
678,gempa_0737,0,1,1,0.0,0.0,0.0
679,gempa_0759,1,2,0,0.3333333333333333,1.0,0.5
680,gempa_0760,0,1,1,0.0,0.0,0.0
681,gempa_0764,2,0,0,1.0,1.0,1.0
682,gempa_0767,0,4,1,0.0,0.0,0.0
683,gempa_0769,0,1,1,0.0,0.0,0.0
684,gempa_0770,1,1,0,0.5,1.0,0.6666666666666666
685,gempa_0778,0,2,1,0.0,0.0,0.0
686,gempa_0781,0,0,2,0.0,0.0,0.0
687,gempa_0783,1,1,0,0.5,1.0,0.6666666666666666
688,gempa_0784,2,5,0,0.2857142857142857,1.0,0.4444444444444444
689,gempa_0791,3,0,0,1.0,1.0,1.0
690,gempa_0792,1,2,4,0.3333333333333333,0.2,0.25
691,gempa_0795,2,0,0,1.0,1.0,1.0
692,gempa_0801,0,2,1,0.0,0.0,0.0
693,gempa_0804,2,1,8,0.6666666666666666,0.2,0.3076923076923077
694,gempa_0814,2,2,0,0.5,1.0,0.6666666666666666
695,gempa_0817,3,0,0,1.0,1.0,1.0
696,gempa_0835,0,2,1,0.0,0.0,0.0
697,gempa_0837,2,1,0,0.6666666666666666,1.0,0.8
698,gempa_0840,3,2,0,0.6,1.0,0.7499999999999999
699,gempa_0848,0,1,1,0.0,0.0,0.0
700,gempa_0854,2,1,0,0.6666666666666666,1.0,0.8
701,gempa_0886,2,4,0,0.3333333333333333,1.0,0.5
702,gempa_0899,2,4,0,0.3333333333333333,1.0,0.5
703,gempa_0910,2,2,0,0.5,1.0,0.6666666666666666
704,gempa_0915,3,1,0,0.75,1.0,0.8571428571428572
705,gempa_0932,1,0,0,1.0,1.0,1.0
706,gempa_0944,2,0,0,1.0,1.0,1.0
707,gempa_0948,0,1,1,0.0,0.0,0.0
708,gempa_0966,2,1,0,0.6666666666666666,1.0,0.8
709,gempa_0972,2,3,3,0.4,0.4,0.4
710,gempa_0986,2,0,0,1.0,1.0,1.0
711,gempa_0998,1,1,0,0.5,1.0,0.6666666666666666
712,gempa_0999,1,3,1,0.25,0.5,0.3333333333333333
713,gempa_1005,1,0,0,1.0,1.0,1.0
714,gempa_1008,0,0,1,0.0,0.0,0.0
715,gempa_1016,1,2,3,0.3333333333333333,0.25,0.2857142857142857
716,gempa_1017,0,0,2,0.0,0.0,0.0
717,gempa_1018,1,1,0,0.5,1.0,0.6666666666666666
718,gempa_1019,0,1,3,0.0,0.0,0.0
719,gempa_1020,3,2,1,0.6,0.75,0.6666666666666666
720,gempa_1022,2,2,0,0.5,1.0,0.6666666666666666
721,gempa_1054,0,3,3,0.0,0.0,0.0
722,gempa_1065,3,1,0,0.75,1.0,0.8571428571428572
723,gempa_1070,11,0,2,1.0,0.8461538461538461,0.9166666666666667
724,gempa_1071,2,2,0,0.5,1.0,0.6666666666666666
725,gempa_1073,1,2,0,0.3333333333333333,1.0,0.5
726,gempa_1076,2,2,0,0.5,1.0,0.6666666666666666
727,gempa_1077,2,2,0,0.5,1.0,0.6666666666666666
728,gempa_1080,0,3,2,0.0,0.0,0.0
729,gempa_1085,2,0,0,1.0,1.0,1.0
730,gempa_1099,2,1,0,0.6666666666666666,1.0,0.8
731,gempa_1115,2,4,1,0.3333333333333333,0.6666666666666666,0.4444444444444444
732,gempa_1120,2,1,0,0.6666666666666666,1.0,0.8
733,gempa_1127,0,0,5,0.0,0.0,0.0
734,gempa_1140,0,3,2,0.0,0.0,0.0
735,gempa_1158,1,2,1,0.3333333333333333,0.5,0.4
736,gempa_1161,2,1,0,0.6666666666666666,1.0,0.8
737,gempa_1181,0,1,1,0.0,0.0,0.0
738,gempa_1182,0,0,1,0.0,0.0,0.0
739,gempa_1185,0,9,2,0.0,0.0,0.0
740,gempa_1188,0,1,1,0.0,0.0,0.0
741,gempa_1190,0,2,1,0.0,0.0,0.0
742,gempa_1197,2,0,0,1.0,1.0,1.0
743,gempa_1200,2,1,0,0.6666666666666666,1.0,0.8
744,gempa_1215,2,1,0,0.6666666666666666,1.0,0.8
745,gempa_0017,0,3,4,0.0,0.0,0.0
746,gempa_0034,1,1,2,0.5,0.3333333333333333,0.4
747,gempa_0095,0,2,1,0.0,0.0,0.0
748,gempa_0113,1,1,0,0.5,1.0,0.6666666666666666
749,gempa_0207,3,6,7,0.3333333333333333,0.3,0.3157894736842105
750,gempa_0257,2,2,0,0.5,1.0,0.6666666666666666
751,gempa_0282,0,1,1,0.0,0.0,0.0
752,gempa_0293,2,1,0,0.6666666666666666,1.0,0.8
753,gempa_0325,0,1,1,0.0,0.0,0.0
754,gempa_0329,0,4,1,0.0,0.0,0.0
755,gempa_0377,3,1,1,0.75,0.75,0.75
756,gempa_0396,0,1,0,0.0,0.0,0.0
757,gempa_0453,0,2,1,0.0,0.0,0.0
758,gempa_0543,0,0,2,0.0,0.0,0.0
759,gempa_0565,1,1,0,0.5,1.0,0.6666666666666666
760,gempa_0580,2,3,0,0.4,1.0,0.5714285714285714
761,gempa_0622,0,2,1,0.0,0.0,0.0
762,gempa_0629,1,1,0,0.5,1.0,0.6666666666666666
763,gempa_0645,2,1,0,0.6666666666666666,1.0,0.8
764,gempa_0673,1,3,4,0.25,0.2,0.2222222222222222
765,gempa_0688,1,1,0,0.5,1.0,0.6666666666666666
766,gempa_0740,2,2,0,0.5,1.0,0.6666666666666666
767,gempa_0755,2,2,1,0.5,0.6666666666666666,0.5714285714285714
768,gempa_0775,1,1,0,0.5,1.0,0.6666666666666666
769,gempa_0793,3,11,1,0.21428571428571427,0.75,0.3333333333333333
770,gempa_0815,0,1,2,0.0,0.0,0.0
771,gempa_0829,1,3,0,0.25,1.0,0.4
772,gempa_0914,0,11,8,0.0,0.0,0.0
773,gempa_0977,0,0,1,0.0,0.0,0.0
774,gempa_0994,1,1,0,0.5,1.0,0.6666666666666666
775,gempa_1006,1,1,0,0.5,1.0,0.6666666666666666
776,gempa_1067,2,1,0,0.6666666666666666,1.0,0.8
777,gempa_1088,0,2,2,0.0,0.0,0.0
778,gempa_1128,0,0,5,0.0,0.0,0.0
779,gempa_1180,0,3,1,0.0,0.0,0.0
780,karhutla_0001,1,0,0,1.0,1.0,1.0
781,karhutla_0003,0,0,1,0.0,0.0,0.0
782,karhutla_0006,0,2,3,0.0,0.0,0.0
783,karhutla_0008,1,1,1,0.5,0.5,0.5
784,karhutla_0010,0,0,1,0.0,0.0,0.0
785,karhutla_0011,0,1,1,0.0,0.0,0.0
786,karhutla_0012,2,3,2,0.4,0.5,0.4444444444444444
787,karhutla_0013,3,1,3,0.75,0.5,0.6000000000000001
788,karhutla_0015,0,3,7,0.0,0.0,0.0
789,karhutla_0017,2,0,1,1.0,0.6666666666666666,0.8
790,karhutla_0018,0,2,1,0.0,0.0,0.0
791,karhutla_0019,0,1,2,0.0,0.0,0.0
792,karhutla_0022,1,1,0,0.5,1.0,0.6666666666666666
793,karhutla_0024,0,2,2,0.0,0.0,0.0
794,karhutla_0032,1,4,0,0.2,1.0,0.3333333333333333
795,karhutla_0033,2,1,1,0.6666666666666666,0.6666666666666666,0.6666666666666666
796,karhutla_0038,0,1,2,0.0,0.0,0.0
797,karhutla_0039,0,3,3,0.0,0.0,0.0
798,karhutla_0043,0,3,1,0.0,0.0,0.0
799,karhutla_0044,2,2,0,0.5,1.0,0.6666666666666666
800,karhutla_0045,0,1,1,0.0,0.0,0.0
801,karhutla_0047,0,1,1,0.0,0.0,0.0
802,karhutla_0048,0,1,1,0.0,0.0,0.0
803,karhutla_0049,1,1,0,0.5,1.0,0.6666666666666666
804,karhutla_0051,1,0,0,1.0,1.0,1.0
805,karhutla_0055,1,1,0,0.5,1.0,0.6666666666666666
806,karhutla_0056,0,5,1,0.0,0.0,0.0
807,karhutla_0057,0,3,1,0.0,0.0,0.0
808,karhutla_0058,1,2,0,0.3333333333333333,1.0,0.5
809,karhutla_0059,0,0,1,0.0,0.0,0.0
810,karhutla_0060,0,0,1,0.0,0.0,0.0
811,karhutla_0072,1,1,0,0.5,1.0,0.6666666666666666
812,karhutla_0082,1,2,0,0.3333333333333333,1.0,0.5
813,karhutla_0085,0,3,1,0.0,0.0,0.0
814,karhutla_0088,0,2,1,0.0,0.0,0.0
815,karhutla_0092,1,0,0,1.0,1.0,1.0
816,karhutla_0093,1,1,0,0.5,1.0,0.6666666666666666
817,karhutla_0095,1,0,0,1.0,1.0,1.0
818,karhutla_0103,1,0,0,1.0,1.0,1.0
819,karhutla_0111,1,4,6,0.2,0.14285714285714285,0.16666666666666666
820,karhutla_0116,0,5,6,0.0,0.0,0.0
821,karhutla_0125,0,1,1,0.0,0.0,0.0
822,karhutla_0133,1,2,1,0.3333333333333333,0.5,0.4
823,karhutla_0142,1,0,2,1.0,0.3333333333333333,0.5
824,karhutla_0143,0,3,6,0.0,0.0,0.0
825,karhutla_0144,4,9,5,0.3076923076923077,0.4444444444444444,0.36363636363636365
826,karhutla_0145,0,2,4,0.0,0.0,0.0
827,karhutla_0146,0,6,1,0.0,0.0,0.0
828,karhutla_0147,1,3,3,0.25,0.25,0.25
829,karhutla_0150,0,1,5,0.0,0.0,0.0
830,karhutla_0154,0,3,4,0.0,0.0,0.0
831,karhutla_0156,0,3,2,0.0,0.0,0.0
832,karhutla_0158,2,5,2,0.2857142857142857,0.5,0.36363636363636365
833,karhutla_0162,0,1,1,0.0,0.0,0.0
834,karhutla_0163,1,0,0,1.0,1.0,1.0
835,karhutla_0166,2,3,1,0.4,0.6666666666666666,0.5
836,karhutla_0170,0,1,1,0.0,0.0,0.0
837,karhutla_0174,0,3,9,0.0,0.0,0.0
838,karhutla_0178,0,0,1,0.0,0.0,0.0
839,karhutla_0179,1,2,0,0.3333333333333333,1.0,0.5
840,karhutla_0184,1,0,0,1.0,1.0,1.0
841,karhutla_0185,4,4,5,0.5,0.4444444444444444,0.47058823529411764
842,karhutla_0186,1,2,0,0.3333333333333333,1.0,0.5
843,karhutla_0189,4,8,11,0.3333333333333333,0.26666666666666666,0.2962962962962963
844,karhutla_0195,0,4,7,0.0,0.0,0.0
845,karhutla_0206,1,1,0,0.5,1.0,0.6666666666666666
846,karhutla_0215,0,6,2,0.0,0.0,0.0
847,karhutla_0221,1,1,0,0.5,1.0,0.6666666666666666
848,karhutla_0226,0,1,1,0.0,0.0,0.0
849,karhutla_0228,0,3,1,0.0,0.0,0.0
850,karhutla_0229,3,4,0,0.42857142857142855,1.0,0.6
851,karhutla_0235,2,2,1,0.5,0.6666666666666666,0.5714285714285714
852,karhutla_0240,0,1,2,0.0,0.0,0.0
853,karhutla_0241,0,1,1,0.0,0.0,0.0
854,karhutla_0249,0,0,9,0.0,0.0,0.0
855,karhutla_0256,4,2,3,0.6666666666666666,0.5714285714285714,0.6153846153846154
856,karhutla_0261,0,1,1,0.0,0.0,0.0
857,karhutla_0277,0,1,1,0.0,0.0,0.0
858,karhutla_0284,1,0,0,1.0,1.0,1.0
859,karhutla_0288,0,0,1,0.0,0.0,0.0
860,karhutla_0295,1,0,0,1.0,1.0,1.0
861,karhutla_0296,0,0,1,0.0,0.0,0.0
862,karhutla_0298,0,4,1,0.0,0.0,0.0
863,karhutla_0301,2,2,2,0.5,0.5,0.5
864,karhutla_0302,0,0,1,0.0,0.0,0.0
865,karhutla_0307,0,0,1,0.0,0.0,0.0
866,karhutla_0319,0,4,1,0.0,0.0,0.0
867,karhutla_0323,0,3,1,0.0,0.0,0.0
868,karhutla_0324,0,4,1,0.0,0.0,0.0
869,karhutla_0325,0,3,4,0.0,0.0,0.0
870,karhutla_0328,0,0,1,0.0,0.0,0.0
871,karhutla_0334,0,2,1,0.0,0.0,0.0
872,karhutla_0335,1,2,0,0.3333333333333333,1.0,0.5
873,karhutla_0336,0,2,1,0.0,0.0,0.0
874,karhutla_0351,6,6,4,0.5,0.6,0.5454545454545454
875,karhutla_0354,0,2,1,0.0,0.0,0.0
876,karhutla_0374,1,7,7,0.125,0.125,0.125
877,karhutla_0375,0,1,2,0.0,0.0,0.0
878,karhutla_0381,0,3,2,0.0,0.0,0.0
879,karhutla_0383,0,0,1,0.0,0.0,0.0
880,karhutla_0387,2,3,2,0.4,0.5,0.4444444444444444
881,karhutla_0388,0,1,1,0.0,0.0,0.0
882,karhutla_0394,0,1,1,0.0,0.0,0.0
883,karhutla_0403,0,3,3,0.0,0.0,0.0
884,karhutla_0404,0,6,1,0.0,0.0,0.0
885,karhutla_0407,0,1,2,0.0,0.0,0.0
886,karhutla_0410,0,3,1,0.0,0.0,0.0
887,karhutla_0413,1,0,3,1.0,0.25,0.4
888,karhutla_0414,0,2,1,0.0,0.0,0.0
889,karhutla_0415,0,3,2,0.0,0.0,0.0
890,karhutla_0417,1,1,0,0.5,1.0,0.6666666666666666
891,karhutla_0423,1,5,0,0.16666666666666666,1.0,0.2857142857142857
892,karhutla_0432,0,3,2,0.0,0.0,0.0
893,karhutla_0448,1,3,0,0.25,1.0,0.4
894,karhutla_0456,0,1,1,0.0,0.0,0.0
895,karhutla_0458,0,2,2,0.0,0.0,0.0
896,karhutla_0459,0,2,1,0.0,0.0,0.0
897,karhutla_0479,0,3,1,0.0,0.0,0.0
898,karhutla_0483,1,2,0,0.3333333333333333,1.0,0.5
899,karhutla_0487,1,2,1,0.3333333333333333,0.5,0.4
900,karhutla_0488,1,1,0,0.5,1.0,0.6666666666666666
901,karhutla_0489,0,0,5,0.0,0.0,0.0
902,karhutla_0493,0,2,2,0.0,0.0,0.0
903,karhutla_0498,0,1,1,0.0,0.0,0.0
904,karhutla_0499,1,0,0,1.0,1.0,1.0
905,karhutla_0502,1,8,14,0.1111111111111111,0.06666666666666667,0.08333333333333333
906,karhutla_0506,0,4,2,0.0,0.0,0.0
907,karhutla_0510,0,1,1,0.0,0.0,0.0
908,karhutla_0519,0,3,1,0.0,0.0,0.0
909,karhutla_0524,1,1,0,0.5,1.0,0.6666666666666666
910,karhutla_0535,0,1,1,0.0,0.0,0.0
911,karhutla_0539,1,1,4,0.5,0.2,0.2857142857142857
912,karhutla_0547,0,1,1,0.0,0.0,0.0
913,karhutla_0557,0,5,1,0.0,0.0,0.0
914,karhutla_0560,0,1,3,0.0,0.0,0.0
915,karhutla_0561,1,1,0,0.5,1.0,0.6666666666666666
916,karhutla_0563,2,2,0,0.5,1.0,0.6666666666666666
917,karhutla_0564,2,0,0,1.0,1.0,1.0
918,karhutla_0572,1,0,0,1.0,1.0,1.0
919,karhutla_0580,1,1,0,0.5,1.0,0.6666666666666666
920,karhutla_0582,0,0,1,0.0,0.0,0.0
921,karhutla_0583,1,0,0,1.0,1.0,1.0
922,karhutla_0591,1,1,1,0.5,0.5,0.5
923,karhutla_0594,1,1,0,0.5,1.0,0.6666666666666666
924,karhutla_0600,0,0,1,0.0,0.0,0.0
925,karhutla_0607,0,0,1,0.0,0.0,0.0
926,karhutla_0610,0,2,1,0.0,0.0,0.0
927,karhutla_0613,1,2,1,0.3333333333333333,0.5,0.4
928,karhutla_0619,1,0,0,1.0,1.0,1.0
929,karhutla_0626,1,0,0,1.0,1.0,1.0
930,karhutla_0633,0,2,1,0.0,0.0,0.0
931,karhutla_0643,0,2,1,0.0,0.0,0.0
932,karhutla_0646,1,1,0,0.5,1.0,0.6666666666666666
933,karhutla_0655,0,2,1,0.0,0.0,0.0
934,karhutla_0659,1,2,0,0.3333333333333333,1.0,0.5
935,karhutla_0660,1,3,8,0.25,0.1111111111111111,0.15384615384615385
936,karhutla_0666,2,4,11,0.3333333333333333,0.15384615384615385,0.21052631578947367
937,karhutla_0667,1,4,4,0.2,0.2,0.2
938,karhutla_0670,0,1,1,0.0,0.0,0.0
939,karhutla_0674,3,1,2,0.75,0.6,0.6666666666666666
940,karhutla_0677,1,2,1,0.3333333333333333,0.5,0.4
941,karhutla_0679,0,0,1,0.0,0.0,0.0
942,karhutla_0680,0,1,1,0.0,0.0,0.0
943,karhutla_0682,0,0,1,0.0,0.0,0.0
944,karhutla_0683,0,1,1,0.0,0.0,0.0
945,karhutla_0684,1,0,0,1.0,1.0,1.0
946,karhutla_0685,0,2,1,0.0,0.0,0.0
947,karhutla_0688,0,0,1,0.0,0.0,0.0
948,karhutla_0689,2,0,0,1.0,1.0,1.0
949,karhutla_0690,0,1,1,0.0,0.0,0.0
950,karhutla_0693,0,0,3,0.0,0.0,0.0
951,karhutla_0694,0,0,1,0.0,0.0,0.0
952,karhutla_0695,0,1,1,0.0,0.0,0.0
953,karhutla_0696,0,1,1,0.0,0.0,0.0
954,karhutla_0698,0,1,1,0.0,0.0,0.0
955,karhutla_0699,0,0,1,0.0,0.0,0.0
956,karhutla_0703,1,2,0,0.3333333333333333,1.0,0.5
957,karhutla_0706,1,2,0,0.3333333333333333,1.0,0.5
958,karhutla_0712,0,1,1,0.0,0.0,0.0
959,karhutla_0716,1,0,0,1.0,1.0,1.0
960,karhutla_0717,0,1,2,0.0,0.0,0.0
961,karhutla_0719,0,2,1,0.0,0.0,0.0
962,karhutla_0723,1,2,3,0.3333333333333333,0.25,0.2857142857142857
963,karhutla_0728,0,1,2,0.0,0.0,0.0
964,karhutla_0730,1,1,2,0.5,0.3333333333333333,0.4
965,karhutla_0731,2,1,3,0.6666666666666666,0.4,0.5
966,karhutla_0740,0,1,1,0.0,0.0,0.0
967,karhutla_0742,0,3,1,0.0,0.0,0.0
968,karhutla_0743,0,6,7,0.0,0.0,0.0
969,karhutla_0758,1,1,1,0.5,0.5,0.5
970,karhutla_0761,0,0,1,0.0,0.0,0.0
971,karhutla_0763,6,5,5,0.5454545454545454,0.5454545454545454,0.5454545454545454
972,karhutla_0765,1,1,0,0.5,1.0,0.6666666666666666
973,karhutla_0771,0,2,1,0.0,0.0,0.0
974,karhutla_0772,0,1,1,0.0,0.0,0.0
975,karhutla_0773,2,3,7,0.4,0.2222222222222222,0.2857142857142857
976,karhutla_0778,1,2,0,0.3333333333333333,1.0,0.5
977,karhutla_0780,0,2,1,0.0,0.0,0.0
978,karhutla_0781,1,0,0,1.0,1.0,1.0
979,karhutla_0782,0,0,10,0.0,0.0,0.0
980,karhutla_0792,0,1,1,0.0,0.0,0.0
981,karhutla_0796,1,3,0,0.25,1.0,0.4
982,karhutla_0801,1,1,0,0.5,1.0,0.6666666666666666
983,karhutla_0803,0,1,1,0.0,0.0,0.0
984,karhutla_0804,0,2,1,0.0,0.0,0.0
985,karhutla_0809,0,1,11,0.0,0.0,0.0
986,karhutla_0811,0,0,1,0.0,0.0,0.0
987,karhutla_0813,0,1,1,0.0,0.0,0.0
988,karhutla_0815,2,0,0,1.0,1.0,1.0
989,karhutla_0816,1,2,0,0.3333333333333333,1.0,0.5
990,karhutla_0825,0,1,1,0.0,0.0,0.0
991,karhutla_0826,0,0,4,0.0,0.0,0.0
992,karhutla_0830,0,1,1,0.0,0.0,0.0
993,karhutla_0833,1,1,2,0.5,0.3333333333333333,0.4
994,karhutla_0836,0,1,1,0.0,0.0,0.0
995,karhutla_0840,0,3,3,0.0,0.0,0.0
996,karhutla_0846,0,1,1,0.0,0.0,0.0
997,karhutla_0848,0,0,1,0.0,0.0,0.0
998,karhutla_0849,0,2,1,0.0,0.0,0.0
999,karhutla_0858,0,1,1,0.0,0.0,0.0
1000,karhutla_0859,1,1,0,0.5,1.0,0.6666666666666666
1001,karhutla_0865,1,3,0,0.25,1.0,0.4
1002,karhutla_0869,4,6,3,0.4,0.5714285714285714,0.47058823529411764
1003,karhutla_0879,0,1,4,0.0,0.0,0.0
1004,karhutla_0884,0,1,1,0.0,0.0,0.0
1005,karhutla_0885,0,1,1,0.0,0.0,0.0
1006,karhutla_0887,1,0,0,1.0,1.0,1.0
1007,karhutla_0890,0,5,1,0.0,0.0,0.0
1008,karhutla_0891,0,5,1,0.0,0.0,0.0
1009,karhutla_0892,1,0,1,1.0,0.5,0.6666666666666666
1010,karhutla_0894,0,1,2,0.0,0.0,0.0
1011,karhutla_0903,0,2,1,0.0,0.0,0.0
1012,karhutla_0918,0,2,1,0.0,0.0,0.0
1013,karhutla_0921,1,1,0,0.5,1.0,0.6666666666666666
1014,karhutla_0924,1,0,0,1.0,1.0,1.0
1015,karhutla_0925,1,0,0,1.0,1.0,1.0
1016,karhutla_0939,0,2,4,0.0,0.0,0.0
1017,karhutla_0941,0,3,1,0.0,0.0,0.0
1018,karhutla_0943,2,1,0,0.6666666666666666,1.0,0.8
1019,karhutla_0946,1,1,0,0.5,1.0,0.6666666666666666
1020,karhutla_0947,0,1,1,0.0,0.0,0.0
1021,karhutla_0949,1,0,0,1.0,1.0,1.0
1022,karhutla_0951,1,1,0,0.5,1.0,0.6666666666666666
1023,karhutla_0956,1,1,0,0.5,1.0,0.6666666666666666
1024,karhutla_0958,1,1,1,0.5,0.5,0.5
1025,karhutla_0959,1,2,0,0.3333333333333333,1.0,0.5
1026,karhutla_0983,0,3,1,0.0,0.0,0.0
1027,karhutla_0989,0,4,1,0.0,0.0,0.0
1028,karhutla_0990,1,0,0,1.0,1.0,1.0
1029,karhutla_0991,0,1,1,0.0,0.0,0.0
1030,karhutla_0992,0,0,1,0.0,0.0,0.0
1031,karhutla_1007,0,0,1,0.0,0.0,0.0
1032,karhutla_1008,0,1,1,0.0,0.0,0.0
1033,karhutla_1011,1,2,1,0.3333333333333333,0.5,0.4
1034,karhutla_1015,0,1,1,0.0,0.0,0.0
1035,karhutla_1016,1,0,10,1.0,0.09090909090909091,0.16666666666666666
1036,karhutla_1017,3,2,5,0.6,0.375,0.46153846153846156
1037,karhutla_1024,1,1,0,0.5,1.0,0.6666666666666666
1038,karhutla_1028,1,0,0,1.0,1.0,1.0
1039,karhutla_1030,0,3,2,0.0,0.0,0.0
1040,karhutla_1032,2,3,8,0.4,0.2,0.26666666666666666
1041,karhutla_1034,1,0,0,1.0,1.0,1.0
1042,karhutla_1035,0,1,1,0.0,0.0,0.0
1043,karhutla_1042,0,2,1,0.0,0.0,0.0
1044,karhutla_1043,0,1,1,0.0,0.0,0.0
1045,karhutla_1051,0,2,1,0.0,0.0,0.0
1046,karhutla_1055,3,3,1,0.5,0.75,0.6000000000000001
1047,karhutla_1057,1,0,0,1.0,1.0,1.0
1048,karhutla_1060,0,2,4,0.0,0.0,0.0
1049,karhutla_1063,0,3,3,0.0,0.0,0.0
1050,karhutla_1065,1,7,8,0.125,0.1111111111111111,0.11764705882352941
1051,karhutla_1066,0,2,1,0.0,0.0,0.0
1052,karhutla_1067,0,2,3,0.0,0.0,0.0
1053,karhutla_1079,0,0,1,0.0,0.0,0.0
1054,karhutla_1080,0,2,1,0.0,0.0,0.0
1055,karhutla_1085,0,0,1,0.0,0.0,0.0
1056,karhutla_1086,0,1,1,0.0,0.0,0.0
1057,karhutla_1090,1,4,0,0.2,1.0,0.3333333333333333
1058,karhutla_1092,0,4,1,0.0,0.0,0.0
1059,karhutla_1102,1,0,0,1.0,1.0,1.0
1060,karhutla_1112,0,2,1,0.0,0.0,0.0
1061,karhutla_1115,0,0,1,0.0,0.0,0.0
1062,karhutla_1118,0,2,9,0.0,0.0,0.0
1063,karhutla_1123,0,0,1,0.0,0.0,0.0
1064,karhutla_1126,0,1,15,0.0,0.0,0.0
1065,karhutla_1128,0,1,2,0.0,0.0,0.0
1066,karhutla_1130,0,0,1,0.0,0.0,0.0
1067,karhutla_1138,1,1,0,0.5,1.0,0.6666666666666666
1068,karhutla_1142,1,1,0,0.5,1.0,0.6666666666666666
1069,karhutla_1148,0,0,1,0.0,0.0,0.0
1070,karhutla_0016,1,3,3,0.25,0.25,0.25
1071,karhutla_0037,0,0,1,0.0,0.0,0.0
1072,karhutla_0052,0,1,1,0.0,0.0,0.0
1073,karhutla_0076,1,2,0,0.3333333333333333,1.0,0.5
1074,karhutla_0094,0,1,1,0.0,0.0,0.0
1075,karhutla_0121,3,0,1,1.0,0.75,0.8571428571428572
1076,karhutla_0148,1,2,0,0.3333333333333333,1.0,0.5
1077,karhutla_0175,0,0,1,0.0,0.0,0.0
1078,karhutla_0192,1,1,0,0.5,1.0,0.6666666666666666
1079,karhutla_0227,3,3,1,0.5,0.75,0.6000000000000001
1080,karhutla_0254,0,2,13,0.0,0.0,0.0
1081,karhutla_0297,0,1,1,0.0,0.0,0.0
1082,karhutla_0337,0,1,1,0.0,0.0,0.0
1083,karhutla_0391,0,0,3,0.0,0.0,0.0
1084,karhutla_0416,0,0,1,0.0,0.0,0.0
1085,karhutla_0440,0,1,1,0.0,0.0,0.0
1086,karhutla_0490,2,2,0,0.5,1.0,0.6666666666666666
1087,karhutla_0513,0,1,1,0.0,0.0,0.0
1088,karhutla_0534,1,0,0,1.0,1.0,1.0
1089,karhutla_0556,0,2,1,0.0,0.0,0.0
1090,karhutla_0565,1,0,0,1.0,1.0,1.0
1091,karhutla_0584,1,0,0,1.0,1.0,1.0
1092,karhutla_0603,0,0,1,0.0,0.0,0.0
1093,karhutla_0634,0,1,1,0.0,0.0,0.0
1094,karhutla_0656,0,0,1,0.0,0.0,0.0
1095,karhutla_0663,2,2,3,0.5,0.4,0.4444444444444444
1096,karhutla_0681,0,0,1,0.0,0.0,0.0
1097,karhutla_0704,0,3,1,0.0,0.0,0.0
1098,karhutla_0729,2,4,2,0.3333333333333333,0.5,0.4
1099,karhutla_0750,0,0,1,0.0,0.0,0.0
1100,karhutla_0766,1,2,0,0.3333333333333333,1.0,0.5
1101,karhutla_0788,1,1,5,0.5,0.16666666666666666,0.25
1102,karhutla_0812,1,0,0,1.0,1.0,1.0
1103,karhutla_0832,1,0,0,1.0,1.0,1.0
1104,karhutla_0851,1,0,0,1.0,1.0,1.0
1105,karhutla_0867,0,1,7,0.0,0.0,0.0
1106,karhutla_0896,1,0,0,1.0,1.0,1.0
1107,karhutla_0911,0,2,1,0.0,0.0,0.0
1108,karhutla_0938,1,0,4,1.0,0.2,0.3333333333333333
1109,karhutla_0963,0,1,1,0.0,0.0,0.0
1110,karhutla_0997,1,3,0,0.25,1.0,0.4
1111,karhutla_1012,2,7,4,0.2222222222222222,0.3333333333333333,0.26666666666666666
1112,karhutla_1033,0,3,1,0.0,0.0,0.0
1113,karhutla_1052,0,4,1,0.0,0.0,0.0
1114,karhutla_1070,0,0,1,0.0,0.0,0.0
1115,karhutla_1108,1,0,0,1.0,1.0,1.0
1116,karhutla_1122,1,1,0,0.5,1.0,0.6666666666666666
1117,karhutla_1149,0,1,1,0.0,0.0,0.0
1118,kekeringan_0007,0,1,1,0.0,0.0,0.0
1119,kekeringan_0025,0,1,1,0.0,0.0,0.0
1120,kekeringan_0026,1,1,0,0.5,1.0,0.6666666666666666
1121,kekeringan_0039,0,1,1,0.0,0.0,0.0
1122,kekeringan_0043,0,1,2,0.0,0.0,0.0
1123,kekeringan_0045,1,1,0,0.5,1.0,0.6666666666666666
1124,kekeringan_0050,1,1,2,0.5,0.3333333333333333,0.4
1125,kekeringan_0051,2,3,1,0.4,0.6666666666666666,0.5
1126,kekeringan_0053,4,0,0,1.0,1.0,1.0
1127,kekeringan_0061,0,0,2,0.0,0.0,0.0
1128,kekeringan_0065,1,2,1,0.3333333333333333,0.5,0.4
1129,kekeringan_0070,0,0,2,0.0,0.0,0.0
1130,kekeringan_0072,0,1,1,0.0,0.0,0.0
1131,kekeringan_0077,0,0,1,0.0,0.0,0.0
1132,kekeringan_0097,0,1,1,0.0,0.0,0.0
1133,kekeringan_0100,0,7,3,0.0,0.0,0.0
1134,kekeringan_0114,0,1,8,0.0,0.0,0.0
1135,kekeringan_0116,0,1,3,0.0,0.0,0.0
1136,kekeringan_0117,0,1,1,0.0,0.0,0.0
1137,kekeringan_0121,0,1,2,0.0,0.0,0.0
1138,kekeringan_0125,11,6,18,0.6470588235294118,0.3793103448275862,0.4782608695652174
1139,kekeringan_0126,0,2,1,0.0,0.0,0.0
1140,kekeringan_0128,0,1,1,0.0,0.0,0.0
1141,kekeringan_0131,1,0,0,1.0,1.0,1.0
1142,kekeringan_0134,0,1,5,0.0,0.0,0.0
1143,kekeringan_0139,0,1,1,0.0,0.0,0.0
1144,kekeringan_0140,0,6,1,0.0,0.0,0.0
1145,kekeringan_0142,0,1,1,0.0,0.0,0.0
1146,kekeringan_0143,0,4,1,0.0,0.0,0.0
1147,kekeringan_0147,0,0,1,0.0,0.0,0.0
1148,kekeringan_0148,0,2,9,0.0,0.0,0.0
1149,kekeringan_0153,0,2,10,0.0,0.0,0.0
1150,kekeringan_0185,9,1,1,0.9,0.9,0.8999999999999999
1151,kekeringan_0193,1,2,0,0.3333333333333333,1.0,0.5
1152,kekeringan_0197,0,1,1,0.0,0.0,0.0
1153,kekeringan_0216,0,3,1,0.0,0.0,0.0
1154,kekeringan_0220,1,2,0,0.3333333333333333,1.0,0.5
1155,kekeringan_0225,1,2,0,0.3333333333333333,1.0,0.5
1156,kekeringan_0226,1,0,0,1.0,1.0,1.0
1157,kekeringan_0230,1,1,0,0.5,1.0,0.6666666666666666
1158,kekeringan_0240,1,0,0,1.0,1.0,1.0
1159,kekeringan_0249,1,0,0,1.0,1.0,1.0
1160,kekeringan_0256,0,5,6,0.0,0.0,0.0
1161,kekeringan_0265,0,1,1,0.0,0.0,0.0
1162,kekeringan_0281,0,2,3,0.0,0.0,0.0
1163,kekeringan_0286,0,2,1,0.0,0.0,0.0
1164,kekeringan_0287,0,1,1,0.0,0.0,0.0
1165,kekeringan_0289,0,0,1,0.0,0.0,0.0
1166,kekeringan_0294,0,2,1,0.0,0.0,0.0
1167,kekeringan_0297,0,1,12,0.0,0.0,0.0
1168,kekeringan_0298,0,2,1,0.0,0.0,0.0
1169,kekeringan_0300,0,4,1,0.0,0.0,0.0
1170,kekeringan_0305,0,1,1,0.0,0.0,0.0
1171,kekeringan_0306,1,0,0,1.0,1.0,1.0
1172,kekeringan_0323,0,1,1,0.0,0.0,0.0
1173,kekeringan_0326,1,1,0,0.5,1.0,0.6666666666666666
1174,kekeringan_0327,1,0,0,1.0,1.0,1.0
1175,kekeringan_0336,0,1,1,0.0,0.0,0.0
1176,kekeringan_0341,1,1,0,0.5,1.0,0.6666666666666666
1177,kekeringan_0354,0,7,1,0.0,0.0,0.0
1178,kekeringan_0366,0,1,1,0.0,0.0,0.0
1179,kekeringan_0368,0,1,2,0.0,0.0,0.0
1180,kekeringan_0379,1,2,0,0.3333333333333333,1.0,0.5
1181,kekeringan_0400,0,1,1,0.0,0.0,0.0
1182,kekeringan_0403,0,1,1,0.0,0.0,0.0
1183,kekeringan_0417,0,0,1,0.0,0.0,0.0
1184,kekeringan_0418,0,1,1,0.0,0.0,0.0
1185,kekeringan_0426,0,3,2,0.0,0.0,0.0
1186,kekeringan_0433,0,1,1,0.0,0.0,0.0
1187,kekeringan_0438,0,0,1,0.0,0.0,0.0
1188,kekeringan_0443,0,3,4,0.0,0.0,0.0
1189,kekeringan_0444,0,3,1,0.0,0.0,0.0
1190,kekeringan_0453,1,1,8,0.5,0.1111111111111111,0.18181818181818182
1191,kekeringan_0466,0,2,11,0.0,0.0,0.0
1192,kekeringan_0473,0,0,1,0.0,0.0,0.0
1193,kekeringan_0480,0,2,9,0.0,0.0,0.0
1194,kekeringan_0482,0,2,1,0.0,0.0,0.0
1195,kekeringan_0483,1,3,2,0.25,0.3333333333333333,0.2857142857142857
1196,kekeringan_0484,3,1,0,0.75,1.0,0.8571428571428572
1197,kekeringan_0485,0,1,7,0.0,0.0,0.0
1198,kekeringan_0487,0,1,1,0.0,0.0,0.0
1199,kekeringan_0489,0,3,2,0.0,0.0,0.0
1200,kekeringan_0498,0,7,9,0.0,0.0,0.0
1201,kekeringan_0502,0,1,1,0.0,0.0,0.0
1202,kekeringan_0503,0,0,1,0.0,0.0,0.0
1203,kekeringan_0531,1,2,0,0.3333333333333333,1.0,0.5
1204,kekeringan_0539,0,2,1,0.0,0.0,0.0
1205,kekeringan_0551,1,1,0,0.5,1.0,0.6666666666666666
1206,kekeringan_0554,1,7,0,0.125,1.0,0.2222222222222222
1207,kekeringan_0590,0,0,1,0.0,0.0,0.0
1208,kekeringan_0591,0,0,1,0.0,0.0,0.0
1209,kekeringan_0613,3,1,0,0.75,1.0,0.8571428571428572
1210,kekeringan_0617,0,1,1,0.0,0.0,0.0
1211,kekeringan_0643,1,2,3,0.3333333333333333,0.25,0.2857142857142857
1212,kekeringan_0645,0,1,1,0.0,0.0,0.0
1213,kekeringan_0646,0,1,1,0.0,0.0,0.0
1214,kekeringan_0647,1,0,1,1.0,0.5,0.6666666666666666
1215,kekeringan_0649,0,6,3,0.0,0.0,0.0
1216,kekeringan_0651,0,1,1,0.0,0.0,0.0
1217,kekeringan_0653,0,4,1,0.0,0.0,0.0
1218,kekeringan_0662,0,1,1,0.0,0.0,0.0
1219,kekeringan_0663,2,2,2,0.5,0.5,0.5
1220,kekeringan_0664,1,4,0,0.2,1.0,0.3333333333333333
1221,kekeringan_0665,0,3,1,0.0,0.0,0.0
1222,kekeringan_0668,1,0,4,1.0,0.2,0.3333333333333333
1223,kekeringan_0669,0,3,1,0.0,0.0,0.0
1224,kekeringan_0670,2,3,2,0.4,0.5,0.4444444444444444
1225,kekeringan_0676,7,1,0,0.875,1.0,0.9333333333333333
1226,kekeringan_0678,0,15,6,0.0,0.0,0.0
1227,kekeringan_0679,2,1,0,0.6666666666666666,1.0,0.8
1228,kekeringan_0680,0,1,1,0.0,0.0,0.0
1229,kekeringan_0683,0,2,3,0.0,0.0,0.0
1230,kekeringan_0685,0,1,3,0.0,0.0,0.0
1231,kekeringan_0701,1,1,0,0.5,1.0,0.6666666666666666
1232,kekeringan_0702,1,2,0,0.3333333333333333,1.0,0.5
1233,kekeringan_0711,0,0,1,0.0,0.0,0.0
1234,kekeringan_0724,0,0,1,0.0,0.0,0.0
1235,kekeringan_0730,9,1,1,0.9,0.9,0.8999999999999999
1236,kekeringan_0750,1,0,2,1.0,0.3333333333333333,0.5
1237,kekeringan_0755,0,2,2,0.0,0.0,0.0
1238,kekeringan_0758,3,3,0,0.5,1.0,0.6666666666666666
1239,kekeringan_0764,5,4,0,0.5555555555555556,1.0,0.7142857142857143
1240,kekeringan_0772,0,1,6,0.0,0.0,0.0
1241,kekeringan_0778,0,1,1,0.0,0.0,0.0
1242,kekeringan_0787,0,1,9,0.0,0.0,0.0
1243,kekeringan_0791,1,1,0,0.5,1.0,0.6666666666666666
1244,kekeringan_0793,4,1,0,0.8,1.0,0.8888888888888888
1245,kekeringan_0795,1,3,5,0.25,0.16666666666666666,0.2
1246,kekeringan_0796,0,1,1,0.0,0.0,0.0
1247,kekeringan_0798,1,5,0,0.16666666666666666,1.0,0.2857142857142857
1248,kekeringan_0799,1,0,2,1.0,0.3333333333333333,0.5
1249,kekeringan_0801,0,0,1,0.0,0.0,0.0
1250,kekeringan_0802,0,2,3,0.0,0.0,0.0
1251,kekeringan_0805,2,6,1,0.25,0.6666666666666666,0.36363636363636365
1252,kekeringan_0806,0,0,8,0.0,0.0,0.0
1253,kekeringan_0818,0,1,1,0.0,0.0,0.0
1254,kekeringan_0825,1,0,0,1.0,1.0,1.0
1255,kekeringan_0833,0,1,1,0.0,0.0,0.0
1256,kekeringan_0834,0,0,1,0.0,0.0,0.0
1257,kekeringan_0836,3,3,4,0.5,0.42857142857142855,0.46153846153846145
1258,kekeringan_0843,1,2,0,0.3333333333333333,1.0,0.5
1259,kekeringan_0855,1,1,0,0.5,1.0,0.6666666666666666
1260,kekeringan_0857,6,2,7,0.75,0.46153846153846156,0.5714285714285714
1261,kekeringan_0893,2,1,0,0.6666666666666666,1.0,0.8
1262,kekeringan_0902,0,0,1,0.0,0.0,0.0
1263,kekeringan_0905,0,1,3,0.0,0.0,0.0
1264,kekeringan_0908,2,0,10,1.0,0.16666666666666666,0.2857142857142857
1265,kekeringan_0928,1,0,0,1.0,1.0,1.0
1266,kekeringan_0955,1,1,0,0.5,1.0,0.6666666666666666
1267,kekeringan_0958,0,1,1,0.0,0.0,0.0
1268,kekeringan_0966,1,0,0,1.0,1.0,1.0
1269,kekeringan_0991,1,0,0,1.0,1.0,1.0
1270,kekeringan_0998,0,2,1,0.0,0.0,0.0
1271,kekeringan_1012,11,0,1,1.0,0.9166666666666666,0.9565217391304348
1272,kekeringan_1018,1,0,0,1.0,1.0,1.0
1273,kekeringan_1027,0,0,1,0.0,0.0,0.0
1274,kekeringan_1052,1,0,0,1.0,1.0,1.0
1275,kekeringan_1056,0,0,1,0.0,0.0,0.0
1276,kekeringan_1067,1,2,0,0.3333333333333333,1.0,0.5
1277,kekeringan_1071,0,1,1,0.0,0.0,0.0
1278,kekeringan_1082,1,1,0,0.5,1.0,0.6666666666666666
1279,kekeringan_1090,9,1,0,0.9,1.0,0.9473684210526315
1280,kekeringan_1091,0,1,1,0.0,0.0,0.0
1281,kekeringan_1097,0,2,1,0.0,0.0,0.0
1282,kekeringan_1098,2,1,14,0.6666666666666666,0.125,0.21052631578947367
1283,kekeringan_0028,1,0,0,1.0,1.0,1.0
1284,kekeringan_0036,0,3,1,0.0,0.0,0.0
1285,kekeringan_0067,0,1,1,0.0,0.0,0.0
1286,kekeringan_0132,0,0,1,0.0,0.0,0.0
1287,kekeringan_0152,1,8,0,0.1111111111111111,1.0,0.2
1288,kekeringan_0188,0,2,1,0.0,0.0,0.0
1289,kekeringan_0219,0,1,1,0.0,0.0,0.0
1290,kekeringan_0280,1,1,3,0.5,0.25,0.3333333333333333
1291,kekeringan_0301,0,2,4,0.0,0.0,0.0
1292,kekeringan_0344,0,3,1,0.0,0.0,0.0
1293,kekeringan_0383,0,3,4,0.0,0.0,0.0
1294,kekeringan_0388,0,3,2,0.0,0.0,0.0
1295,kekeringan_0430,9,3,2,0.75,0.8181818181818182,0.782608695652174
1296,kekeringan_0457,2,1,1,0.6666666666666666,0.6666666666666666,0.6666666666666666
1297,kekeringan_0476,1,0,0,1.0,1.0,1.0
1298,kekeringan_0490,3,5,3,0.375,0.5,0.4285714285714286
1299,kekeringan_0536,0,1,1,0.0,0.0,0.0
1300,kekeringan_0659,1,2,1,0.3333333333333333,0.5,0.4
1301,kekeringan_0675,0,2,1,0.0,0.0,0.0
1302,kekeringan_0686,1,3,3,0.25,0.25,0.25
1303,kekeringan_0708,0,1,1,0.0,0.0,0.0
1304,kekeringan_0762,6,8,3,0.42857142857142855,0.6666666666666666,0.5217391304347826
1305,kekeringan_0794,1,2,1,0.3333333333333333,0.5,0.4
1306,kekeringan_0837,2,3,1,0.4,0.6666666666666666,0.5
1307,kekeringan_0894,0,2,1,0.0,0.0,0.0
1308,kekeringan_1083,0,1,1,0.0,0.0,0.0
1309,kekeringan_0973,0,2,3,0.0,0.0,0.0
1310,kekeringan_0454,0,1,1,0.0,0.0,0.0
1311,longsor_0005,1,1,0,0.5,1.0,0.6666666666666666
1312,longsor_0007,1,1,0,0.5,1.0,0.6666666666666666
1313,longsor_0009,0,2,1,0.0,0.0,0.0
1314,longsor_0011,1,0,0,1.0,1.0,1.0
1315,longsor_0013,1,2,0,0.3333333333333333,1.0,0.5
1316,longsor_0017,0,2,1,0.0,0.0,0.0
1317,longsor_0023,0,1,1,0.0,0.0,0.0
1318,longsor_0024,0,1,2,0.0,0.0,0.0
1319,longsor_0036,1,9,0,0.1,1.0,0.18181818181818182
1320,longsor_0037,1,3,0,0.25,1.0,0.4
1321,longsor_0048,0,2,1,0.0,0.0,0.0
1322,longsor_0050,1,1,0,0.5,1.0,0.6666666666666666
1323,longsor_0052,1,2,0,0.3333333333333333,1.0,0.5
1324,longsor_0053,0,2,1,0.0,0.0,0.0
1325,longsor_0057,1,2,0,0.3333333333333333,1.0,0.5
1326,longsor_0060,1,1,0,0.5,1.0,0.6666666666666666
1327,longsor_0062,1,0,0,1.0,1.0,1.0
1328,longsor_0069,1,6,0,0.14285714285714285,1.0,0.25
1329,longsor_0087,1,2,1,0.3333333333333333,0.5,0.4
1330,longsor_0091,1,0,0,1.0,1.0,1.0
1331,longsor_0113,0,4,1,0.0,0.0,0.0
1332,longsor_0118,1,0,0,1.0,1.0,1.0
1333,longsor_0134,0,1,1,0.0,0.0,0.0
1334,longsor_0137,1,2,0,0.3333333333333333,1.0,0.5
1335,longsor_0150,2,2,7,0.5,0.2222222222222222,0.3076923076923077
1336,longsor_0151,0,6,3,0.0,0.0,0.0
1337,longsor_0171,0,2,1,0.0,0.0,0.0
1338,longsor_0172,0,2,1,0.0,0.0,0.0
1339,longsor_0185,0,1,1,0.0,0.0,0.0
1340,longsor_0188,0,2,1,0.0,0.0,0.0
1341,longsor_0189,0,1,1,0.0,0.0,0.0
1342,longsor_0190,0,3,1,0.0,0.0,0.0
1343,longsor_0193,1,4,1,0.2,0.5,0.2857142857142857
1344,longsor_0194,1,5,1,0.16666666666666666,0.5,0.25
1345,longsor_0204,1,1,0,0.5,1.0,0.6666666666666666
1346,longsor_0214,1,2,0,0.3333333333333333,1.0,0.5
1347,longsor_0223,0,5,1,0.0,0.0,0.0
1348,longsor_0227,2,2,0,0.5,1.0,0.6666666666666666
1349,longsor_0228,0,1,1,0.0,0.0,0.0
1350,longsor_0239,1,2,0,0.3333333333333333,1.0,0.5
1351,longsor_0249,1,0,0,1.0,1.0,1.0
1352,longsor_0264,1,2,0,0.3333333333333333,1.0,0.5
1353,longsor_0265,0,2,1,0.0,0.0,0.0
1354,longsor_0267,0,2,1,0.0,0.0,0.0
1355,longsor_0269,0,2,1,0.0,0.0,0.0
1356,longsor_0270,1,1,0,0.5,1.0,0.6666666666666666
1357,longsor_0272,0,3,1,0.0,0.0,0.0
1358,longsor_0274,0,2,1,0.0,0.0,0.0
1359,longsor_0277,1,2,0,0.3333333333333333,1.0,0.5
1360,longsor_0278,0,2,1,0.0,0.0,0.0
1361,longsor_0279,1,4,0,0.2,1.0,0.3333333333333333
1362,longsor_0286,1,1,1,0.5,0.5,0.5
1363,longsor_0292,1,3,0,0.25,1.0,0.4
1364,longsor_0305,0,3,1,0.0,0.0,0.0
1365,longsor_0307,0,1,1,0.0,0.0,0.0
1366,longsor_0310,0,1,1,0.0,0.0,0.0
1367,longsor_0314,0,0,1,0.0,0.0,0.0
1368,longsor_0315,0,2,1,0.0,0.0,0.0
1369,longsor_0316,0,1,1,0.0,0.0,0.0
1370,longsor_0317,0,3,1,0.0,0.0,0.0
1371,longsor_0318,0,2,1,0.0,0.0,0.0
1372,longsor_0321,0,2,1,0.0,0.0,0.0
1373,longsor_0327,0,1,1,0.0,0.0,0.0
1374,longsor_0331,0,4,1,0.0,0.0,0.0
1375,longsor_0332,0,3,1,0.0,0.0,0.0
1376,longsor_0339,0,1,1,0.0,0.0,0.0
1377,longsor_0340,0,1,1,0.0,0.0,0.0
1378,longsor_0343,0,2,2,0.0,0.0,0.0
1379,longsor_0349,0,2,1,0.0,0.0,0.0
1380,longsor_0353,0,2,1,0.0,0.0,0.0
1381,longsor_0354,1,0,0,1.0,1.0,1.0
1382,longsor_0356,0,1,1,0.0,0.0,0.0
1383,longsor_0358,1,3,0,0.25,1.0,0.4
1384,longsor_0363,0,2,1,0.0,0.0,0.0
1385,longsor_0390,0,2,1,0.0,0.0,0.0
1386,longsor_0392,0,2,1,0.0,0.0,0.0
1387,longsor_0395,0,2,1,0.0,0.0,0.0
1388,longsor_0399,1,2,0,0.3333333333333333,1.0,0.5
1389,longsor_0400,0,1,1,0.0,0.0,0.0
1390,longsor_0405,0,1,1,0.0,0.0,0.0
1391,longsor_0406,0,2,1,0.0,0.0,0.0
1392,longsor_0407,0,6,1,0.0,0.0,0.0
1393,longsor_0408,1,1,0,0.5,1.0,0.6666666666666666
1394,longsor_0409,0,3,1,0.0,0.0,0.0
1395,longsor_0411,0,2,1,0.0,0.0,0.0
1396,longsor_0414,0,1,1,0.0,0.0,0.0
1397,longsor_0416,0,5,1,0.0,0.0,0.0
1398,longsor_0421,0,1,1,0.0,0.0,0.0
1399,longsor_0430,0,2,1,0.0,0.0,0.0
1400,longsor_0443,0,5,1,0.0,0.0,0.0
1401,longsor_0445,0,4,1,0.0,0.0,0.0
1402,longsor_0448,1,1,0,0.5,1.0,0.6666666666666666
1403,longsor_0449,2,2,0,0.5,1.0,0.6666666666666666
1404,longsor_0450,0,3,1,0.0,0.0,0.0
1405,longsor_0457,0,2,1,0.0,0.0,0.0
1406,longsor_0460,0,1,1,0.0,0.0,0.0
1407,longsor_0461,0,2,1,0.0,0.0,0.0
1408,longsor_0462,1,1,0,0.5,1.0,0.6666666666666666
1409,longsor_0466,0,1,1,0.0,0.0,0.0
1410,longsor_0473,0,3,1,0.0,0.0,0.0
1411,longsor_0486,0,2,1,0.0,0.0,0.0
1412,longsor_0491,1,1,0,0.5,1.0,0.6666666666666666
1413,longsor_0497,0,3,1,0.0,0.0,0.0
1414,longsor_0511,1,1,0,0.5,1.0,0.6666666666666666
1415,longsor_0516,1,2,0,0.3333333333333333,1.0,0.5
1416,longsor_0517,0,0,0,0.0,0.0,0.0
1417,longsor_0518,0,1,1,0.0,0.0,0.0
1418,longsor_0520,1,0,0,1.0,1.0,1.0
1419,longsor_0523,1,1,0,0.5,1.0,0.6666666666666666
1420,longsor_0525,0,3,1,0.0,0.0,0.0
1421,longsor_0541,1,1,0,0.5,1.0,0.6666666666666666
1422,longsor_0548,1,1,0,0.5,1.0,0.6666666666666666
1423,longsor_0550,0,1,1,0.0,0.0,0.0
1424,longsor_0551,1,0,0,1.0,1.0,1.0
1425,longsor_0564,0,2,1,0.0,0.0,0.0
1426,longsor_0571,1,2,0,0.3333333333333333,1.0,0.5
1427,longsor_0572,1,1,0,0.5,1.0,0.6666666666666666
1428,longsor_0576,0,1,1,0.0,0.0,0.0
1429,longsor_0584,1,3,1,0.25,0.5,0.3333333333333333
1430,longsor_0585,0,0,1,0.0,0.0,0.0
1431,longsor_0589,0,2,2,0.0,0.0,0.0
1432,longsor_0590,0,2,2,0.0,0.0,0.0
1433,longsor_0594,0,1,1,0.0,0.0,0.0
1434,longsor_0595,1,3,1,0.25,0.5,0.3333333333333333
1435,longsor_0596,0,1,1,0.0,0.0,0.0
1436,longsor_0603,0,1,1,0.0,0.0,0.0
1437,longsor_0610,1,0,0,1.0,1.0,1.0
1438,longsor_0611,1,1,0,0.5,1.0,0.6666666666666666
1439,longsor_0612,2,0,0,1.0,1.0,1.0
1440,longsor_0622,1,7,0,0.125,1.0,0.2222222222222222
1441,longsor_0639,0,2,1,0.0,0.0,0.0
1442,longsor_0655,0,2,1,0.0,0.0,0.0
1443,longsor_0658,1,0,0,1.0,1.0,1.0
1444,longsor_0662,0,2,1,0.0,0.0,0.0
1445,longsor_0665,1,1,0,0.5,1.0,0.6666666666666666
1446,longsor_0667,1,0,0,1.0,1.0,1.0
1447,longsor_0673,1,0,0,1.0,1.0,1.0
1448,longsor_0676,0,3,1,0.0,0.0,0.0
1449,longsor_0677,1,3,0,0.25,1.0,0.4
1450,longsor_0692,1,2,0,0.3333333333333333,1.0,0.5
1451,longsor_0698,1,0,0,1.0,1.0,1.0
1452,longsor_0701,1,2,0,0.3333333333333333,1.0,0.5
1453,longsor_0704,0,2,1,0.0,0.0,0.0
1454,longsor_0708,0,2,1,0.0,0.0,0.0
1455,longsor_0709,1,1,0,0.5,1.0,0.6666666666666666
1456,longsor_0711,0,2,1,0.0,0.0,0.0
1457,longsor_0715,1,2,0,0.3333333333333333,1.0,0.5
1458,longsor_0720,1,2,0,0.3333333333333333,1.0,0.5
1459,longsor_0724,0,3,1,0.0,0.0,0.0
1460,longsor_0728,0,2,1,0.0,0.0,0.0
1461,longsor_0747,1,3,1,0.25,0.5,0.3333333333333333
1462,longsor_0753,4,2,0,0.6666666666666666,1.0,0.8
1463,longsor_0769,0,2,1,0.0,0.0,0.0
1464,longsor_0770,1,0,0,1.0,1.0,1.0
1465,longsor_0777,1,1,0,0.5,1.0,0.6666666666666666
1466,longsor_0792,1,2,0,0.3333333333333333,1.0,0.5
1467,longsor_0800,1,2,0,0.3333333333333333,1.0,0.5
1468,longsor_0812,1,3,0,0.25,1.0,0.4
1469,longsor_0820,1,0,0,1.0,1.0,1.0
1470,longsor_0836,0,1,1,0.0,0.0,0.0
1471,longsor_0849,1,1,0,0.5,1.0,0.6666666666666666
1472,longsor_0863,1,0,0,1.0,1.0,1.0
1473,longsor_0869,1,1,0,0.5,1.0,0.6666666666666666
1474,longsor_0874,0,3,2,0.0,0.0,0.0
1475,longsor_0875,1,2,0,0.3333333333333333,1.0,0.5
1476,longsor_0880,1,0,0,1.0,1.0,1.0
1477,longsor_0897,1,2,0,0.3333333333333333,1.0,0.5
1478,longsor_0901,0,3,1,0.0,0.0,0.0
1479,longsor_0914,1,0,0,1.0,1.0,1.0
1480,longsor_0921,0,0,1,0.0,0.0,0.0
1481,longsor_0923,1,1,0,0.5,1.0,0.6666666666666666
1482,longsor_0926,0,11,1,0.0,0.0,0.0
1483,longsor_0932,1,1,0,0.5,1.0,0.6666666666666666
1484,longsor_0936,0,2,1,0.0,0.0,0.0
1485,longsor_0942,1,0,0,1.0,1.0,1.0
1486,longsor_0944,0,1,1,0.0,0.0,0.0
1487,longsor_0965,1,3,0,0.25,1.0,0.4
1488,longsor_0970,0,3,1,0.0,0.0,0.0
1489,longsor_0972,1,3,0,0.25,1.0,0.4
1490,longsor_0973,1,2,0,0.3333333333333333,1.0,0.5
1491,longsor_0978,1,1,0,0.5,1.0,0.6666666666666666
1492,longsor_0980,0,3,1,0.0,0.0,0.0
1493,longsor_0982,1,4,0,0.2,1.0,0.3333333333333333
1494,longsor_0984,0,0,1,0.0,0.0,0.0
1495,longsor_0987,1,0,0,1.0,1.0,1.0
1496,longsor_1027,0,3,1,0.0,0.0,0.0
1497,longsor_1029,0,3,1,0.0,0.0,0.0
1498,longsor_1032,1,0,0,1.0,1.0,1.0
1499,longsor_1040,0,2,1,0.0,0.0,0.0
1500,longsor_1053,0,2,1,0.0,0.0,0.0
1501,longsor_1059,0,1,1,0.0,0.0,0.0
1502,longsor_1090,1,0,0,1.0,1.0,1.0
1503,longsor_1096,1,12,0,0.07692307692307693,1.0,0.14285714285714285
1504,longsor_1103,2,0,0,1.0,1.0,1.0
1505,longsor_1105,1,2,1,0.3333333333333333,0.5,0.4
1506,longsor_1111,2,2,0,0.5,1.0,0.6666666666666666
1507,longsor_1113,0,1,1,0.0,0.0,0.0
1508,longsor_1116,1,2,0,0.3333333333333333,1.0,0.5
1509,longsor_1118,0,1,1,0.0,0.0,0.0
1510,longsor_1121,1,2,0,0.3333333333333333,1.0,0.5
1511,longsor_1125,0,0,2,0.0,0.0,0.0
1512,longsor_1127,0,0,1,0.0,0.0,0.0
1513,longsor_1130,0,0,1,0.0,0.0,0.0
1514,longsor_1137,1,7,0,0.125,1.0,0.2222222222222222
1515,longsor_1152,1,0,0,1.0,1.0,1.0
1516,longsor_1160,0,2,1,0.0,0.0,0.0
1517,longsor_1165,0,3,1,0.0,0.0,0.0
1518,longsor_1171,1,4,1,0.2,0.5,0.2857142857142857
1519,longsor_1173,0,8,6,0.0,0.0,0.0
1520,longsor_1176,0,2,1,0.0,0.0,0.0
1521,longsor_1183,0,1,1,0.0,0.0,0.0
1522,longsor_1195,0,2,1,0.0,0.0,0.0
1523,longsor_1197,0,3,1,0.0,0.0,0.0
1524,longsor_1198,1,2,0,0.3333333333333333,1.0,0.5
1525,longsor_1201,0,2,1,0.0,0.0,0.0
1526,longsor_1209,0,1,1,0.0,0.0,0.0
1527,longsor_1214,0,1,1,0.0,0.0,0.0
1528,longsor_0001,1,1,0,0.5,1.0,0.6666666666666666
1529,longsor_0031,1,1,0,0.5,1.0,0.6666666666666666
1530,longsor_0043,0,1,1,0.0,0.0,0.0
1531,longsor_0061,0,2,1,0.0,0.0,0.0
1532,longsor_0129,1,0,0,1.0,1.0,1.0
1533,longsor_0162,0,11,11,0.0,0.0,0.0
1534,longsor_0195,0,0,1,0.0,0.0,0.0
1535,longsor_0222,1,5,0,0.16666666666666666,1.0,0.2857142857142857
1536,longsor_0225,0,0,1,0.0,0.0,0.0
1537,longsor_0253,1,0,0,1.0,1.0,1.0
1538,longsor_0268,0,3,1,0.0,0.0,0.0
1539,longsor_0302,0,3,1,0.0,0.0,0.0
1540,longsor_0320,2,0,0,1.0,1.0,1.0
1541,longsor_0341,0,7,1,0.0,0.0,0.0
1542,longsor_0360,1,1,0,0.5,1.0,0.6666666666666666
1543,longsor_0404,0,3,1,0.0,0.0,0.0
1544,longsor_0420,0,2,1,0.0,0.0,0.0
1545,longsor_0453,0,2,1,0.0,0.0,0.0
1546,longsor_0469,1,0,0,1.0,1.0,1.0
1547,longsor_0494,0,4,1,0.0,0.0,0.0
1548,longsor_0512,1,0,0,1.0,1.0,1.0
1549,longsor_0556,0,2,1,0.0,0.0,0.0
1550,longsor_0577,1,1,0,0.5,1.0,0.6666666666666666
1551,longsor_0592,0,0,1,0.0,0.0,0.0
1552,longsor_0601,1,1,0,0.5,1.0,0.6666666666666666
1553,longsor_0672,1,0,0,1.0,1.0,1.0
1554,longsor_0681,1,2,0,0.3333333333333333,1.0,0.5
1555,longsor_0718,1,3,0,0.25,1.0,0.4
1556,longsor_0810,1,0,0,1.0,1.0,1.0
1557,longsor_0813,1,2,0,0.3333333333333333,1.0,0.5
1558,longsor_0832,0,1,1,0.0,0.0,0.0
1559,longsor_0871,0,4,1,0.0,0.0,0.0
1560,longsor_0939,0,3,1,0.0,0.0,0.0
1561,longsor_0957,1,0,0,1.0,1.0,1.0
1562,longsor_0961,0,2,1,0.0,0.0,0.0
1563,longsor_1000,1,0,0,1.0,1.0,1.0
1564,longsor_1024,0,1,1,0.0,0.0,0.0
1565,longsor_1045,1,0,0,1.0,1.0,1.0
1566,longsor_1120,1,3,0,0.25,1.0,0.4
1567,longsor_1135,1,2,0,0.3333333333333333,1.0,0.5
1568,longsor_1178,0,3,1,0.0,0.0,0.0
1569,longsor_1200,1,0,0,1.0,1.0,1.0
1570,longsor_1212,1,2,0,0.3333333333333333,1.0,0.5
1571,tsunami_0001,0,2,1,0.0,0.0,0.0
1572,tsunami_0003,0,1,0,0.0,0.0,0.0
1573,tsunami_0023,1,3,2,0.25,0.3333333333333333,0.2857142857142857
1574,tsunami_0033,0,1,1,0.0,0.0,0.0
1575,tsunami_0058,2,0,0,1.0,1.0,1.0
1576,tsunami_0060,1,2,0,0.3333333333333333,1.0,0.5
1577,tsunami_0088,1,0,0,1.0,1.0,1.0
1578,tsunami_0089,0,5,1,0.0,0.0,0.0
1579,tsunami_0091,0,1,2,0.0,0.0,0.0
1580,tsunami_0092,0,1,1,0.0,0.0,0.0
1581,tsunami_0094,0,1,0,0.0,0.0,0.0
1582,tsunami_0097,0,2,2,0.0,0.0,0.0
1583,tsunami_0104,0,2,1,0.0,0.0,0.0
1584,tsunami_0105,1,0,0,1.0,1.0,1.0
1585,tsunami_0109,1,3,1,0.25,0.5,0.3333333333333333
1586,tsunami_0111,2,1,0,0.6666666666666666,1.0,0.8
1587,tsunami_0112,1,3,1,0.25,0.5,0.3333333333333333
1588,tsunami_0113,1,4,0,0.2,1.0,0.3333333333333333
1589,tsunami_0120,0,2,2,0.0,0.0,0.0
1590,tsunami_0124,0,2,1,0.0,0.0,0.0
1591,tsunami_0128,0,2,1,0.0,0.0,0.0
1592,tsunami_0154,0,2,1,0.0,0.0,0.0
1593,tsunami_0158,2,1,0,0.6666666666666666,1.0,0.8
1594,tsunami_0175,2,2,0,0.5,1.0,0.6666666666666666
1595,tsunami_0182,0,3,1,0.0,0.0,0.0
1596,tsunami_0183,1,5,0,0.16666666666666666,1.0,0.2857142857142857
1597,tsunami_0190,0,4,2,0.0,0.0,0.0
1598,tsunami_0195,0,5,1,0.0,0.0,0.0
1599,tsunami_0197,0,5,2,0.0,0.0,0.0
1600,tsunami_0207,1,1,0,0.5,1.0,0.6666666666666666
1601,tsunami_0211,1,1,0,0.5,1.0,0.6666666666666666
1602,tsunami_0212,0,3,1,0.0,0.0,0.0
1603,tsunami_0214,0,2,1,0.0,0.0,0.0
1604,tsunami_0216,1,1,0,0.5,1.0,0.6666666666666666
1605,tsunami_0218,0,1,1,0.0,0.0,0.0
1606,tsunami_0222,1,0,0,1.0,1.0,1.0
1607,tsunami_0223,2,1,1,0.6666666666666666,0.6666666666666666,0.6666666666666666
1608,tsunami_0224,0,1,1,0.0,0.0,0.0
1609,tsunami_0234,0,4,1,0.0,0.0,0.0
1610,tsunami_0249,2,4,0,0.3333333333333333,1.0,0.5
1611,tsunami_0252,2,1,1,0.6666666666666666,0.6666666666666666,0.6666666666666666
1612,tsunami_0260,1,0,1,1.0,0.5,0.6666666666666666
1613,tsunami_0263,2,4,1,0.3333333333333333,0.6666666666666666,0.4444444444444444
1614,tsunami_0265,3,6,2,0.3333333333333333,0.6,0.42857142857142855
1615,tsunami_0268,0,0,2,0.0,0.0,0.0
1616,tsunami_0272,0,4,1,0.0,0.0,0.0
1617,tsunami_0274,0,1,1,0.0,0.0,0.0
1618,tsunami_0276,0,2,1,0.0,0.0,0.0
1619,tsunami_0277,0,2,1,0.0,0.0,0.0
1620,tsunami_0280,0,1,1,0.0,0.0,0.0
1621,tsunami_0285,1,2,0,0.3333333333333333,1.0,0.5
1622,tsunami_0287,2,1,0,0.6666666666666666,1.0,0.8
1623,tsunami_0288,3,1,0,0.75,1.0,0.8571428571428572
1624,tsunami_0291,2,1,0,0.6666666666666666,1.0,0.8
1625,tsunami_0292,3,1,0,0.75,1.0,0.8571428571428572
1626,tsunami_0294,3,2,0,0.6,1.0,0.7499999999999999
1627,tsunami_0296,2,1,0,0.6666666666666666,1.0,0.8
1628,tsunami_0297,2,1,0,0.6666666666666666,1.0,0.8
1629,tsunami_0300,2,2,0,0.5,1.0,0.6666666666666666
1630,tsunami_0301,1,1,2,0.5,0.3333333333333333,0.4
1631,tsunami_0302,3,0,0,1.0,1.0,1.0
1632,tsunami_0330,1,2,0,0.3333333333333333,1.0,0.5
1633,tsunami_0331,1,1,0,0.5,1.0,0.6666666666666666
1634,tsunami_0332,0,4,3,0.0,0.0,0.0
1635,tsunami_0348,0,4,1,0.0,0.0,0.0
1636,tsunami_0350,2,2,0,0.5,1.0,0.6666666666666666
1637,tsunami_0352,0,1,3,0.0,0.0,0.0
1638,tsunami_0365,3,3,0,0.5,1.0,0.6666666666666666
1639,tsunami_0369,0,4,1,0.0,0.0,0.0
1640,tsunami_0373,0,2,1,0.0,0.0,0.0
1641,tsunami_0375,0,1,1,0.0,0.0,0.0
1642,tsunami_0378,1,2,0,0.3333333333333333,1.0,0.5
1643,tsunami_0379,2,1,0,0.6666666666666666,1.0,0.8
1644,tsunami_0380,0,1,1,0.0,0.0,0.0
1645,tsunami_0385,2,2,0,0.5,1.0,0.6666666666666666
1646,tsunami_0388,1,6,2,0.14285714285714285,0.3333333333333333,0.2
1647,tsunami_0393,0,5,2,0.0,0.0,0.0
1648,tsunami_0401,3,1,0,0.75,1.0,0.8571428571428572
1649,tsunami_0402,0,3,1,0.0,0.0,0.0
1650,tsunami_0403,0,3,1,0.0,0.0,0.0
1651,tsunami_0409,2,1,0,0.6666666666666666,1.0,0.8
1652,tsunami_0411,0,3,1,0.0,0.0,0.0
1653,tsunami_0417,1,3,3,0.25,0.25,0.25
1654,tsunami_0418,0,2,1,0.0,0.0,0.0
1655,tsunami_0419,2,0,0,1.0,1.0,1.0
1656,tsunami_0420,0,2,1,0.0,0.0,0.0
1657,tsunami_0422,1,5,2,0.16666666666666666,0.3333333333333333,0.2222222222222222
1658,tsunami_0429,3,1,0,0.75,1.0,0.8571428571428572
1659,tsunami_0433,0,0,5,0.0,0.0,0.0
1660,tsunami_0435,0,4,1,0.0,0.0,0.0
1661,tsunami_0437,2,0,0,1.0,1.0,1.0
1662,tsunami_0439,2,0,0,1.0,1.0,1.0
1663,tsunami_0441,0,6,1,0.0,0.0,0.0
1664,tsunami_0444,6,4,0,0.6,1.0,0.7499999999999999
1665,tsunami_0449,0,2,0,0.0,0.0,0.0
1666,tsunami_0451,0,0,1,0.0,0.0,0.0
1667,tsunami_0454,0,1,2,0.0,0.0,0.0
1668,tsunami_0457,0,0,1,0.0,0.0,0.0
1669,tsunami_0458,2,1,0,0.6666666666666666,1.0,0.8
1670,tsunami_0459,2,4,0,0.3333333333333333,1.0,0.5
1671,tsunami_0460,0,0,2,0.0,0.0,0.0
1672,tsunami_0464,0,2,2,0.0,0.0,0.0
1673,tsunami_0468,1,2,2,0.3333333333333333,0.3333333333333333,0.3333333333333333
1674,tsunami_0476,1,0,0,1.0,1.0,1.0
1675,tsunami_0481,0,0,1,0.0,0.0,0.0
1676,tsunami_0497,1,1,0,0.5,1.0,0.6666666666666666
1677,tsunami_0505,2,0,0,1.0,1.0,1.0
1678,tsunami_0512,1,0,2,1.0,0.3333333333333333,0.5
1679,tsunami_0515,3,7,0,0.3,1.0,0.46153846153846145
1680,tsunami_0516,0,3,1,0.0,0.0,0.0
1681,tsunami_0518,0,0,1,0.0,0.0,0.0
1682,tsunami_0520,1,0,0,1.0,1.0,1.0
1683,tsunami_0524,1,14,3,0.06666666666666667,0.25,0.10526315789473684
1684,tsunami_0527,2,3,0,0.4,1.0,0.5714285714285714
1685,tsunami_0531,0,0,1,0.0,0.0,0.0
1686,tsunami_0533,2,1,0,0.6666666666666666,1.0,0.8
1687,tsunami_0539,3,1,0,0.75,1.0,0.8571428571428572
1688,tsunami_0541,2,0,0,1.0,1.0,1.0
1689,tsunami_0546,2,0,0,1.0,1.0,1.0
1690,tsunami_0549,2,1,0,0.6666666666666666,1.0,0.8
1691,tsunami_0557,1,2,1,0.3333333333333333,0.5,0.4
1692,tsunami_0585,0,3,1,0.0,0.0,0.0
1693,tsunami_0586,1,7,0,0.125,1.0,0.2222222222222222
1694,tsunami_0595,1,1,0,0.5,1.0,0.6666666666666666
1695,tsunami_0597,1,4,1,0.2,0.5,0.2857142857142857
1696,tsunami_0604,0,1,1,0.0,0.0,0.0
1697,tsunami_0609,1,3,1,0.25,0.5,0.3333333333333333
1698,tsunami_0610,1,0,1,1.0,0.5,0.6666666666666666
1699,tsunami_0611,2,1,0,0.6666666666666666,1.0,0.8
1700,tsunami_0613,2,0,0,1.0,1.0,1.0
1701,tsunami_0614,2,1,1,0.6666666666666666,0.6666666666666666,0.6666666666666666
1702,tsunami_0617,1,2,0,0.3333333333333333,1.0,0.5
1703,tsunami_0622,2,5,0,0.2857142857142857,1.0,0.4444444444444444
1704,tsunami_0627,0,1,2,0.0,0.0,0.0
1705,tsunami_0637,2,5,1,0.2857142857142857,0.6666666666666666,0.4
1706,tsunami_0648,4,6,1,0.4,0.8,0.5333333333333333
1707,tsunami_0662,0,0,2,0.0,0.0,0.0
1708,tsunami_0667,1,1,0,0.5,1.0,0.6666666666666666
1709,tsunami_0673,0,1,1,0.0,0.0,0.0
1710,tsunami_0679,0,2,2,0.0,0.0,0.0
1711,tsunami_0686,0,1,1,0.0,0.0,0.0
1712,tsunami_0691,1,1,0,0.5,1.0,0.6666666666666666
1713,tsunami_0693,0,2,1,0.0,0.0,0.0
1714,tsunami_0698,0,3,1,0.0,0.0,0.0
1715,tsunami_0704,1,1,0,0.5,1.0,0.6666666666666666
1716,tsunami_0709,0,8,1,0.0,0.0,0.0
1717,tsunami_0710,0,1,1,0.0,0.0,0.0
1718,tsunami_0734,2,5,0,0.2857142857142857,1.0,0.4444444444444444
1719,tsunami_0749,2,1,0,0.6666666666666666,1.0,0.8
1720,tsunami_0753,2,2,0,0.5,1.0,0.6666666666666666
1721,tsunami_0757,1,3,1,0.25,0.5,0.3333333333333333
1722,tsunami_0759,2,0,0,1.0,1.0,1.0
1723,tsunami_0761,2,0,0,1.0,1.0,1.0
1724,tsunami_0765,1,0,1,1.0,0.5,0.6666666666666666
1725,tsunami_0771,0,2,1,0.0,0.0,0.0
1726,tsunami_0774,2,0,0,1.0,1.0,1.0
1727,tsunami_0775,2,1,0,0.6666666666666666,1.0,0.8
1728,tsunami_0776,3,2,0,0.6,1.0,0.7499999999999999
1729,tsunami_0778,0,0,1,0.0,0.0,0.0
1730,tsunami_0780,1,1,1,0.5,0.5,0.5
1731,tsunami_0784,2,1,0,0.6666666666666666,1.0,0.8
1732,tsunami_0789,0,0,2,0.0,0.0,0.0
1733,tsunami_0792,0,2,3,0.0,0.0,0.0
1734,tsunami_0803,1,1,0,0.5,1.0,0.6666666666666666
1735,tsunami_0806,3,5,0,0.375,1.0,0.5454545454545455
1736,tsunami_0810,2,0,0,1.0,1.0,1.0
1737,tsunami_0851,3,0,0,1.0,1.0,1.0
1738,tsunami_0852,1,2,0,0.3333333333333333,1.0,0.5
1739,tsunami_0857,1,3,0,0.25,1.0,0.4
1740,tsunami_0863,0,1,1,0.0,0.0,0.0
1741,tsunami_0865,2,7,1,0.2222222222222222,0.6666666666666666,0.3333333333333333
1742,tsunami_0866,0,3,1,0.0,0.0,0.0
1743,tsunami_0879,1,1,1,0.5,0.5,0.5
1744,tsunami_0886,2,1,0,0.6666666666666666,1.0,0.8
1745,tsunami_0900,2,1,0,0.6666666666666666,1.0,0.8
1746,tsunami_0901,0,0,1,0.0,0.0,0.0
1747,tsunami_0903,1,6,2,0.14285714285714285,0.3333333333333333,0.2
1748,tsunami_0907,0,4,1,0.0,0.0,0.0
1749,tsunami_0912,2,0,0,1.0,1.0,1.0
1750,tsunami_0913,1,6,2,0.14285714285714285,0.3333333333333333,0.2
1751,tsunami_0920,1,0,0,1.0,1.0,1.0
1752,tsunami_0922,0,1,1,0.0,0.0,0.0
1753,tsunami_0924,0,2,1,0.0,0.0,0.0
1754,tsunami_0925,0,4,1,0.0,0.0,0.0
1755,tsunami_0926,0,2,1,0.0,0.0,0.0
1756,tsunami_0928,0,5,2,0.0,0.0,0.0
1757,tsunami_0929,0,1,1,0.0,0.0,0.0
1758,tsunami_0930,2,4,0,0.3333333333333333,1.0,0.5
1759,tsunami_0931,0,1,1,0.0,0.0,0.0
1760,tsunami_0934,0,2,2,0.0,0.0,0.0
1761,tsunami_0938,1,3,1,0.25,0.5,0.3333333333333333
1762,tsunami_0940,1,3,1,0.25,0.5,0.3333333333333333
1763,tsunami_0946,2,1,1,0.6666666666666666,0.6666666666666666,0.6666666666666666
1764,tsunami_0947,2,1,1,0.6666666666666666,0.6666666666666666,0.6666666666666666
1765,tsunami_0956,0,4,1,0.0,0.0,0.0
1766,tsunami_0959,1,4,1,0.2,0.5,0.2857142857142857
1767,tsunami_0965,3,0,0,1.0,1.0,1.0
1768,tsunami_0966,2,4,0,0.3333333333333333,1.0,0.5
1769,tsunami_0967,1,1,1,0.5,0.5,0.5
1770,tsunami_0971,3,1,0,0.75,1.0,0.8571428571428572
1771,tsunami_0972,1,2,1,0.3333333333333333,0.5,0.4
1772,tsunami_0973,0,2,1,0.0,0.0,0.0
1773,tsunami_0976,3,1,0,0.75,1.0,0.8571428571428572
1774,tsunami_0977,1,1,0,0.5,1.0,0.6666666666666666
1775,tsunami_1009,2,1,0,0.6666666666666666,1.0,0.8
1776,tsunami_1014,2,0,0,1.0,1.0,1.0
1777,tsunami_1054,0,3,1,0.0,0.0,0.0
1778,tsunami_1056,3,1,0,0.75,1.0,0.8571428571428572
1779,tsunami_1058,0,1,2,0.0,0.0,0.0
1780,tsunami_1074,1,0,0,1.0,1.0,1.0
1781,tsunami_1079,0,2,1,0.0,0.0,0.0
1782,tsunami_1086,1,1,0,0.5,1.0,0.6666666666666666
1783,tsunami_1093,0,2,1,0.0,0.0,0.0
1784,tsunami_1100,0,2,1,0.0,0.0,0.0
1785,tsunami_1101,0,3,0,0.0,0.0,0.0
1786,tsunami_1113,3,4,2,0.42857142857142855,0.6,0.5
1787,tsunami_1114,1,1,0,0.5,1.0,0.6666666666666666
1788,tsunami_1116,1,1,1,0.5,0.5,0.5
1789,tsunami_1118,0,2,1,0.0,0.0,0.0
1790,tsunami_1119,2,0,0,1.0,1.0,1.0
1791,tsunami_1121,2,4,0,0.3333333333333333,1.0,0.5
1792,tsunami_1127,0,2,1,0.0,0.0,0.0
1793,tsunami_1131,1,0,0,1.0,1.0,1.0
1794,tsunami_1136,1,1,0,0.5,1.0,0.6666666666666666
1795,tsunami_1152,2,1,0,0.6666666666666666,1.0,0.8
1796,tsunami_1153,1,0,0,1.0,1.0,1.0
1797,tsunami_1158,2,0,0,1.0,1.0,1.0
1798,tsunami_1160,0,1,1,0.0,0.0,0.0
1799,tsunami_1163,1,0,0,1.0,1.0,1.0
1800,tsunami_0100,0,0,2,0.0,0.0,0.0
1801,tsunami_0118,1,1,0,0.5,1.0,0.6666666666666666
1802,tsunami_0167,1,3,0,0.25,1.0,0.4
1803,tsunami_0189,1,6,1,0.14285714285714285,0.5,0.2222222222222222
1804,tsunami_0213,0,4,1,0.0,0.0,0.0
1805,tsunami_0257,1,1,0,0.5,1.0,0.6666666666666666
1806,tsunami_0266,0,2,1,0.0,0.0,0.0
1807,tsunami_0286,0,2,1,0.0,0.0,0.0
1808,tsunami_0341,2,2,0,0.5,1.0,0.6666666666666666
1809,tsunami_0355,2,2,0,0.5,1.0,0.6666666666666666
1810,tsunami_0372,1,5,2,0.16666666666666666,0.3333333333333333,0.2222222222222222
1811,tsunami_0406,0,2,1,0.0,0.0,0.0
1812,tsunami_0425,3,0,0,1.0,1.0,1.0
1813,tsunami_0438,3,7,2,0.3,0.6,0.4
1814,tsunami_0461,0,1,2,0.0,0.0,0.0
1815,tsunami_0521,2,4,1,0.3333333333333333,0.6666666666666666,0.4444444444444444
1816,tsunami_0545,2,7,2,0.2222222222222222,0.5,0.3076923076923077
1817,tsunami_0556,1,2,0,0.3333333333333333,1.0,0.5
1818,tsunami_0591,0,2,2,0.0,0.0,0.0
1819,tsunami_0619,2,0,0,1.0,1.0,1.0
1820,tsunami_0683,0,1,2,0.0,0.0,0.0
1821,tsunami_0695,1,3,1,0.25,0.5,0.3333333333333333
1822,tsunami_0756,1,1,0,0.5,1.0,0.6666666666666666
1823,tsunami_0788,1,3,0,0.25,1.0,0.4
1824,tsunami_0805,4,3,1,0.5714285714285714,0.8,0.6666666666666666
1825,tsunami_0868,1,6,2,0.14285714285714285,0.3333333333333333,0.2
1826,tsunami_0916,0,7,1,0.0,0.0,0.0
1827,tsunami_0921,1,2,0,0.3333333333333333,1.0,0.5
1828,tsunami_0954,1,1,0,0.5,1.0,0.6666666666666666
1829,tsunami_0975,1,2,1,0.3333333333333333,0.5,0.4
1830,tsunami_1010,2,2,0,0.5,1.0,0.6666666666666666
1831,tsunami_1055,5,4,1,0.5555555555555556,0.8333333333333334,0.6666666666666666
1832,tsunami_1073,0,3,2,0.0,0.0,0.0
1833,tsunami_1087,0,0,2,0.0,0.0,0.0
1834,tsunami_1112,0,0,1,0.0,0.0,0.0
1835,tsunami_1126,2,1,1,0.6666666666666666,0.6666666666666666,0.6666666666666666
1836,tsunami_1154,2,1,0,0.6666666666666666,1.0,0.8
